{
  "sample_id": 108,
  "original_data": {
    "time_series": [
      -0.849255,
      -1.01462,
      0.146846,
      -0.477638,
      1.629995,
      -1.075885,
      0.127461,
      -0.926645,
      -0.707031,
      1.042728,
      -0.367016,
      -1.136814,
      -3.0,
      0.696779,
      0.064551,
      -0.501462,
      -1.700936,
      0.628881,
      -0.701105,
      -0.149143,
      0.028455,
      -1.294356,
      -1.82562,
      0.344677,
      -0.404812,
      1.524309,
      -0.382045,
      0.707531,
      -0.403477,
      -0.533323,
      0.702326,
      -0.187777,
      0.083765,
      -0.273948,
      -1.294745,
      -1.277405,
      1.18134,
      0.728586,
      -1.823415,
      -0.2877,
      1.313508,
      1.479048,
      0.195291,
      0.097742,
      0.00932,
      0.395929,
      -1.393695,
      0.540952,
      1.501027,
      -0.137817,
      -0.779811,
      0.968742,
      0.502416,
      0.346751,
      -1.609154,
      -0.984167,
      0.751252,
      1.366568,
      -0.655256,
      1.091503,
      0.787345,
      0.440334,
      -0.759281,
      0.256527,
      1.223556,
      0.441623,
      -0.494232,
      -0.194108,
      -0.01877,
      0.78935,
      -0.011728,
      -1.285374,
      -0.516838,
      -0.67756,
      -0.932802,
      -1.148945,
      2.209805,
      -0.636332,
      0.097413,
      0.011662,
      -0.299813,
      0.700785,
      -1.96577,
      0.291305,
      -0.137408,
      -0.164191,
      0.620174,
      1.79029,
      1.471727,
      0.973418,
      -1.250285,
      -0.340408,
      0.124275,
      -2.571198,
      -0.507204,
      -0.520212,
      0.259788,
      -0.248362,
      -0.540393,
      -0.209852,
      -0.411868,
      0.28933,
      -1.435182,
      0.247806,
      0.803495,
      -0.367207,
      -0.943317,
      1.155559,
      0.98435,
      1.637454,
      1.493938,
      1.032175,
      0.919238,
      -0.331867,
      -0.848635,
      0.632683,
      0.314829,
      -0.278033,
      0.844124,
      0.531521,
      -1.275452,
      0.247362,
      -0.438661,
      0.052866,
      -0.536748,
      -0.488777,
      -0.507402,
      1.262124,
      -0.350389,
      -0.631681,
      2.222639,
      0.787901,
      -0.521034,
      -0.277903,
      0.341768,
      0.715585,
      0.151503,
      -0.02119,
      0.97162,
      1.500205,
      -1.05887,
      -0.690851,
      0.275586,
      0.814174,
      0.339176,
      0.547631,
      -0.044538,
      0.104606,
      0.478285,
      -0.514805,
      -0.395872,
      -0.167578,
      0.411247,
      -0.176819,
      -0.507727,
      0.531788,
      -0.677422,
      -1.19874,
      -0.126178,
      0.859854,
      1.764581,
      -0.02963,
      0.13587,
      1.66568,
      -0.290781,
      -0.038924,
      -1.115678,
      -1.034244,
      -0.683278,
      0.175053,
      2.260952,
      -1.753983,
      0.437254,
      -0.153158,
      0.615239,
      1.150956,
      -2.053252,
      -0.395637,
      0.720912,
      -0.637945,
      -2.083431,
      -0.705911,
      -0.75403,
      -1.108981,
      -0.715178,
      1.171106,
      -0.046373,
      0.843712,
      -1.396387,
      1.811304,
      1.087174,
      0.071879,
      -0.376669,
      -0.337968,
      1.056131,
      0.257349,
      1.410959,
      0.558778,
      0.846507,
      -0.93494,
      0.628189,
      0.030065,
      -0.970688,
      0.164972,
      -0.793708,
      0.868475,
      -1.499642,
      -0.688848,
      0.294349,
      0.172373,
      0.887008,
      0.339102,
      0.83398,
      -1.727366,
      0.222327,
      0.299487,
      -0.088463,
      1.06461,
      -0.013036,
      0.7467,
      -0.544868,
      -0.809561,
      1.098704,
      -2.15257,
      0.432356,
      -0.155182,
      -0.949017,
      -0.23075,
      -0.952801,
      0.455979,
      1.134382,
      -0.654324,
      -0.327058,
      -1.639644,
      0.844532,
      -0.239605,
      0.145179,
      -0.051994,
      1.2375,
      0.415353,
      -0.403898,
      0.580849,
      0.465611,
      0.43447,
      1.520159,
      1.212149,
      -0.758199,
      0.605275,
      -0.924401,
      1.327846,
      0.271453,
      -0.252469,
      -0.422053,
      0.499477,
      -0.483819,
      0.798288,
      -0.373476,
      0.358044,
      -0.897497,
      -0.611669,
      -0.151649,
      0.202504,
      1.58781,
      -0.24107,
      0.61138,
      0.980989,
      0.217507,
      0.455438,
      1.817479,
      -0.159178,
      0.544497,
      1.733947,
      0.22007,
      -1.603529,
      -1.977242,
      0.381322,
      -0.083139,
      -1.029083,
      -2.56263,
      -0.984388,
      -0.636057,
      0.016693,
      1.107596,
      -0.04386,
      -0.741934,
      -1.111275,
      0.216794,
      -0.381083,
      0.941403,
      -0.982847,
      2.927547,
      -1.909239,
      0.236224,
      0.919233,
      0.331794,
      -0.134918,
      0.311841,
      -0.159712,
      -0.457256,
      -0.3393,
      -0.497884,
      -0.402969,
      0.529157,
      0.302941,
      -0.33173,
      2.055762,
      -1.988036,
      -2.661232,
      0.094286,
      -0.543353,
      0.411796,
      -0.568113,
      -0.116543,
      -1.196414,
      -0.054731,
      -0.431156,
      0.594479,
      1.218,
      -0.131624,
      0.91828,
      0.349956,
      1.577201,
      1.710847,
      0.006717,
      -0.587516,
      -0.566217,
      -0.380329,
      0.679496,
      0.390402
    ],