{
  "sample_id": 63,
  "original_data": {
    "time_series": [
      0.630425,
      0.765509,
      0.742646,
      0.566321,
      0.276505,
      -0.046196,
      -0.291197,
      -0.318848,
      -0.082892,
      0.477767,
      1.184888,
      1.898947,
      2.422802,
      2.653346,
      2.638333,
      2.416438,
      2.18153,
      2.048871,
      2.108941,
      2.301061,
      2.510304,
      2.625598,
      2.600313,
      2.436904,
      2.236823,
      2.12864,
      2.19436,
      2.401893,
      2.673438,
      2.830975,
      2.768481,
      2.454536,
      1.888652,
      1.27254,
      0.685816,
      0.274016,
      0.033063,
      -0.102228,
      -0.199286,
      -0.361671,
      -0.587973,
      -0.850857,
      -1.058782,
      -1.155842,
      -1.104303,
      -0.931814,
      -0.686114,
      -0.4393,
      -0.214302,
      -0.013371,
      0.167002,
      0.336595,
      0.467579,
      0.535246,
      0.491561,
      0.315744,
      0.040733,
      -0.270897,
      -0.558397,
      -0.78877,
      -0.921444,
      -1.001481,
      -1.062759,
      -1.211868,
      -1.43167,
      -1.694536,
      -1.908567,
      -2.04177,
      -2.034839,
      -1.879831,
      -1.585316,
      -1.207823,
      -0.829841,
      -0.472474,
      -0.175225,
      0.011546,
      0.043164,
      -0.068382,
      -0.326364,
      -0.661983,
      -0.947916,
      -1.070336,
      -0.929814,
      -0.490287,
      0.159612,
      0.903551,
      1.515597,
      1.896983,
      1.974542,
      1.824256,
      1.569549,
      1.391644,
      1.379127,
      1.530394,
      1.751581,
      1.921246,
      1.986123,
      1.856804,
      1.653076,
      1.109246,
      0.872257,
      0.668,
      0.47291,
      0.313559,
      0.175185,
      0.071559,
      -0.011868,
      -0.056576,
      -0.09631,
      -0.12226,
      -0.129361,
      -0.122001,
      -0.157464,
      -0.186439,
      -0.238728,
      -0.305921,
      -0.412991,
      -0.537148,
      -0.685278,
      -0.867749,
      -1.06919,
      -1.297484,
      -1.522602,
      -1.739785,
      -1.949251,
      -2.167098,
      -2.302398,
      -2.445199,
      -2.515217,
      -2.554491,
      -2.529783,
      -2.435143,
      -2.303741,
      -2.105735,
      -1.857722,
      -1.548473,
      -1.224868,
      -0.856765,
      -0.47317,
      -0.075345,
      -2.319093,
      -2.494309,
      -2.548382,
      -2.442821,
      -2.1827,
      -1.831218,
      -1.443734,
      -1.055673,
      -0.724807,
      -0.485525,
      -0.383844,
      -0.413017,
      -0.60353,
      -0.91692,
      -1.234825,
      -1.424232,
      -1.3917,
      -1.05399,
      -0.475856,
      0.260526,
      0.957662,
      1.447036,
      1.64937,
      1.584786,
      1.369023,
      1.152383,
      1.072818,
      1.320688,
      1.794659,
      2.156285,
      2.31197,
      2.269571,
      2.084289,
      1.939694,
      1.871032,
      1.927694,
      2.00964,
      2.002309,
      1.796442,
      1.371623,
      0.804398,
      0.216149,
      -0.227302,
      -0.461773,
      -0.508144,
      -0.478737,
      -0.477442,
      -0.638622,
      -0.952522,
      -1.377912,
      -1.815391,
      -2.134474,
      -2.267172,
      -2.229733,
      -2.025052,
      -1.736777,
      -1.380826,
      -0.979381,
      -0.587741,
      -0.196904,
      0.108604,
      0.277909,
      0.241629,
      -0.01854,
      -0.464995,
      -0.997385,
      -1.512088,
      -1.944759,
      -2.172156,
      -2.302603,
      -2.337026,
      -2.323399,
      -2.33902,
      -2.383024,
      -2.419488,
      -2.391024,
      -2.294804,
      -2.094165,
      -1.866005,
      -1.624076,
      -1.389682,
      -1.187723,
      -1.002591,
      -0.716206,
      -0.544554,
      -0.499212,
      -0.628918,
      -0.881167,
      -1.193694,
      -1.425728,
      -1.5035,
      -1.271777,
      -0.76982,
      -0.060229,
      0.67445,
      1.258672,
      1.596989,
      1.625527,
      1.464516,
      1.245144,
      1.110492,
      1.15416,
      1.331931,
      1.574163,
      1.725622,
      1.742843,
      1.609669,
      1.415936,
      1.303325,
      1.331355,
      1.541032,
      1.806962,
      2.014554,
      2.010486,
      1.749106,
      1.257942,
      0.635161,
      0.049431,
      -0.409017,
      -0.672823,
      -0.821309,
      -0.911635,
      -1.048774,
      -1.25826,
      -1.501722,
      -1.711623,
      -1.82439,
      -1.790086,
      -1.657983,
      -1.431108,
      -1.197143,
      -0.96444,
      -0.765039,
      -0.610604,
      -0.459511,
      -0.305067,
      -0.205946,
      -0.228035,
      -0.339391,
      -0.575077,
      -0.871271,
      -1.156956,
      -1.374515,
      -1.49068,
      -1.564505,
      -1.626302,
      -1.734254,
      -1.921119,
      -2.153011,
      -2.377961,
      -2.506828,
      -2.519602,
      -2.360543,
      -2.064109,
      -1.702844,
      -1.297562,
      -0.927249,
      -0.603654,
      -0.374274,
      -0.285338,
      -0.340086,
      -0.541321,
      -0.826935,
      -1.117239,
      -1.253323,
      -1.138819,
      -0.742741,
      -0.095238,
      0.660233,
      1.34097,
      1.784778,
      1.933105,
      1.837666,
      1.622111,
      1.443621,
      1.42161,
      1.570765,
      1.788578,
      1.991239,
      2.065211,
      1.979077,
      1.80832,
      1.64719,
      1.602816,
      1.74901,
      2.023047,
      2.283541,
      2.378111,
      2.242524,
      1.82478,
      1.2451,
      0.636608,
      0.12549,
      -0.205851,
      -0.389966,
      -0.496331,
      -0.602453,
      -0.765695,
      -1.002889,
      -1.242222,
      -1.397006,
      -1.422156,
      -1.317184,
      -1.108886,
      -0.864563,
      -0.589802,
      -0.373933,
      -0.173537,
      -0.003307,
      0.150813,
      0.273774,
      0.328606,
      0.237916,
      0.056846,
      -0.229509,
      -0.526783,
      -0.778019,
      -0.93742,
      -1.013202,
      -1.081176,
      -1.16508,
      -1.297339,
      -1.512826,
      -1.727874,
      -1.901545,
      -1.958198,
      -1.867644,
      -1.624736,
      -1.269376,
      -0.892677,
      -0.49149,
      -0.130393,
      0.143454,
      0.3076,
      0.287663,
      0.141335,
      -0.136036,
      -0.424753,
      -0.662345,
      -0.660337,
      -0.363262,
      0.196612,
      0.92844,
      1.647555,
      2.209007,
      2.474782,
      2.476974,
      2.272397,
      2.059643,
      1.968121,
      2.042243,
      2.257268,
      2.483984,
      2.645615,
      2.608484,
      2.474703,
      2.303004,
      2.223944,
      2.294948,
      2.522391,
      2.818313,
      3.0,
      2.958702,
      2.654108,
      2.139765,
      1.52127,
      0.973113,
      0.577953,
      0.358421,
      0.249223,
      0.157518,
      0.038765,
      -0.192824,
      -0.428543,
      -0.622089,
      -0.709137,
      -0.646984,
      -0.446065,
      -0.181769,
      0.090129,
      0.349812
    ],