{
  "sample_id": 101,
  "original_data": {
    "time_series": [
      0.485009,
      0.473681,
      0.740585,
      1.305388,
      1.870225,
      2.4351,
      3.0,
      2.699871,
      2.112703,
      1.525564,
      0.938465,
      0.362194,
      0.351233,
      0.34031,
      0.329425,
      0.318581,
      0.307772,
      0.297004,
      0.286276,
      0.275586,
      0.264939,
      0.25433,
      0.243764,
      0.233241,
      0.222759,
      0.212323,
      0.201929,
      0.191582,
      0.181279,
      0.171017,
      0.160805,
      0.15064,
      0.140522,
      0.130449,
      0.120429,
      0.110456,
      0.10053,
      0.090656,
      0.080831,
      0.071056,
      0.061336,
      0.051668,
      0.04205,
      0.032484,
      0.022975,
      0.01352,
      0.004117,
      -0.005228,
      -0.014517,
      -0.023754,
      -0.032926,
      -0.04205,
      -0.051107,
      0.045266,
      0.612396,
      1.179581,
      1.746825,
      2.314133,
      2.362083,
      1.777373,
      1.192726,
      0.60814,
      0.023619,
      -0.146796,
      -0.155121,
      -0.163378,
      -0.171569,
      -0.179697,
      -0.187752,
      -0.195745,
      -0.939193,
      -0.211524,
      -0.219309,
      -0.227027,
      -0.234673,
      -0.242251,
      -0.24976,
      -0.257191,
      -0.26455,
      -0.271844,
      -0.279056,
      -0.286199,
      -0.293267,
      -0.300257,
      -0.307173,
      -0.314016,
      -0.320782,
      -0.327467,
      -0.334079,
      -0.340609,
      -0.347066,
      -0.353438,
      -0.35973,
      -0.365944,
      -0.372078,
      -0.378127,
      -0.3841,
      -0.389987,
      -0.39579,
      -0.401511,
      -0.407147,
      -0.4127,
      -0.418163,
      -0.423547,
      -0.428843,
      0.074579,
      0.645527,
      1.216566,
      1.787692,
      2.185134,
      1.604297,
      1.023549,
      0.442897,
      -0.137665,
      -0.476919,
      -0.48123,
      -0.485446,
      -0.489568,
      -0.493598,
      -0.497531,
      -0.50137,
      -0.505114,
      -0.508762,
      -0.512316,
      -0.515772,
      -0.519125,
      -0.522383,
      -0.525543,
      -0.528602,
      -0.531563,
      -0.534424,
      -0.537182,
      -0.539842,
      -0.542396,
      -0.544845,
      -0.547196,
      -0.549442,
      -0.551584,
      -0.553618,
      -0.555552,
      -0.557376,
      -0.559096,
      -0.560705,
      -0.562213,
      -0.563609,
      -0.564896,
      -0.566074,
      -0.567147,
      -0.568104,
      -0.568949,
      -0.569687,
      -0.570311,
      -0.570824,
      -0.571229,
      -0.571511,
      -0.571684,
      -0.235933,
      0.340184,
      0.916399,
      1.492711,
      2.069116,
      1.665335,
      1.089781,
      0.514322,
      -0.061052,
      -0.567934,
      -0.567061,
      -0.5661,
      -0.565056,
      -0.563928,
      -0.562721,
      -0.561426,
      -0.560056,
      -0.558607,
      -0.557077,
      -0.555472,
      -0.553793,
      -0.552035,
      -0.550205,
      -0.548309,
      -0.546338,
      -0.544296,
      -0.542185,
      -0.540009,
      -0.537766,
      -0.535457,
      -0.533086,
      -0.530653,
      -0.52815,
      -0.525596,
      -0.522978,
      -0.520302,
      -0.517569,
      -0.514779,
      -0.51194,
      -0.509043,
      -0.506092,
      -0.503092,
      -0.500039,
      -0.496943,
      -0.493794,
      -0.490604,
      -0.487361,
      -0.484077,
      -0.48075,
      -0.477381,
      -0.473972,
      -1.171647,
      -1.16816,
      -1.164635,
      -1.161071,
      -1.157474,
      -1.153843,
      -1.150177,
      -1.146479,
      -1.102905,
      -0.950275,
      -0.797614,
      -0.644925,
      -0.492215,
      -0.422571,
      -0.418687,
      -0.414782,
      -0.410852,
      -0.4069,
      -0.402932,
      -0.398945,
      -0.394941,
      -0.390923,
      -0.386888,
      -0.382845,
      -0.378783,
      -0.374713,
      -0.370635,
      -0.366548,
      -0.362451,
      -0.358348,
      -0.354242,
      -0.35013,
      -0.346015,
      -0.341898,
      -0.337784,
      -0.333667,
      -0.329553,
      -0.325441,
      -0.321333,
      -0.31723,
      -0.313137,
      -0.309048,
      -0.304967,
      -0.300898,
      -0.296839,
      -0.292794,
      -0.288759,
      -0.284741,
      -0.280738,
      -0.27675,
      -0.272782,
      -0.268828,
      0.301336,
      0.881313,
      1.461267,
      2.041202,
      2.332118,
      1.759858,
      1.187572,
      0.615258,
      0.042913,
      -0.230632,
      -0.226966,
      -0.223333,
      -0.219739,
      -0.216175,
      -0.212651,
      -0.20916,
      -0.205713,
      -0.202299,
      -0.198931,
      -0.195605,
      -0.192323,
      -0.189079,
      -0.185889,
      -0.182736,
      -0.179637,
      -0.176588,
      -0.173587,
      -0.170638,
      -0.167741,
      -0.164899,
      -0.162114,
      -0.159377,
      -0.156706,
      -0.154087,
      -0.151532,
      -0.149035,
      -0.1466,
      -0.144224,
      -0.141917,
      -0.139677,
      -0.137497,
      -0.135387,
      -0.133344,
      -0.131371,
      -0.129474,
      -0.12765,
      -0.125889,
      -0.558472,
      -0.122604,
      -0.121076,
      -0.119626,
      0.27516,
      0.852522,
      1.429804,
      2.007,
      2.584116,
      2.065654,
      1.490456,
      0.915173,
      0.3398,
      -0.109654,
      -0.109136,
      -0.108711,
      -0.108374,
      -0.108136,
      -0.107991,
      -0.107943,
      -0.107939,
      -0.107941,
      -0.107941,
      -0.107943,
      -0.107943,
      -0.107945,
      -0.10795,
      -0.107953,
      -0.107956,
      -0.10796,
      -0.107968,
      -0.107976,
      -0.107987,
      -0.107996,
      -0.108006,
      -0.108021,
      -0.108039,
      -0.108055,
      -0.108078,
      -0.108099,
      -0.108123,
      -0.108149,
      -0.10818,
      -0.108214,
      -0.108248,
      -0.108287,
      -0.108327,
      -0.108371,
      -0.108421,
      -0.108471,
      -0.108527,
      -0.108585,
      -0.108645,
      -0.108713,
      -0.10878,
      0.111736,
      0.687729,
      1.263716,
      1.839701,
      2.415679,
      2.241803,
      1.665631,
      1.089454,
      0.513275,
      -0.062914,
      -0.109853,
      -0.10998,
      -0.110108,
      -0.11025,
      -0.110394,
      -0.110543,
      -0.110701,
      -0.110863,
      -0.111029,
      -0.111207,
      -0.111388,
      -0.111575,
      -0.111768,
      -0.111968,
      -0.112178,
      -0.112398,
      -0.112618,
      -0.112846,
      -0.113079,
      -0.11333,
      -0.113581,
      -0.113842,
      -0.114109,
      -0.114387,
      -0.114669,
      -0.114964,
      -0.115263,
      -0.115573,
      -0.115891,
      -0.116218,
      -0.116554,
      -0.116898,
      -0.117251,
      -0.117615,
      -0.117985,
      -0.118367,
      -0.118758,
      -0.119159,
      -0.119568,
      -0.119989,
      -0.120421,
      -0.07309,
      0.502531,
      1.078142,
      1.653742,
      2.229329,
      2.400697,
      1.824126,
      1.247537,
      0.670944,
      0.09434,
      -0.125846,
      -0.126407,
      -0.126978,
      -0.127562,
      -0.128156,
      -0.128759,
      -0.129376,
      -0.130006,
      -0.130653,
      -0.131306,
      -0.131972,
      -0.132653,
      -0.133345,
      -0.134052,
      -0.134771,
      -0.135506,
      -0.136247,
      -0.137004,
      -0.137777,
      -0.138565,
      -0.139362,
      -0.140173,
      -0.141,
      -0.14184,
      -0.142694,
      -0.143565,
      -0.144447,
      -0.145346,
      -0.146259,
      -0.147181,
      -0.148124,
      -0.14908,
      -0.150055,
      -0.15104,
      -0.152045,
      -0.15306,
      -0.154095,
      -0.155144,
      -0.156209,
      -0.15729,
      -0.158383,
      -0.1595,
      0.290396,
      0.865321,
      1.440227,
      2.01512,
      2.531434,
      1.954151,
      1.376849,
      0.799533,
      0.2222,
      -0.17154,
      -0.172835,
      -0.17415,
      -0.175483,
