{
  "sample_id": 45,
  "original_data": {
    "time_series": [
      -0.512821,
      -0.33473,
      -0.422129,
      -0.461712,
      -0.689832,
      -0.255979,
      0.305359,
      0.505689,
      0.447404,
      1.407489,
      1.948435,
      2.3039,
      2.17077,
      2.89221,
      2.983862,
      1.980517,
      1.887193,
      1.380683,
      1.176139,
      0.500272,
      0.085328,
      -0.064743,
      -0.520275,
      -0.199669,
      -0.695005,
      -0.551359,
      -0.587554,
      -0.690757,
      -0.365555,
      -0.513116,
      -0.671129,
      -0.617117,
      -0.574598,
      -0.456187,
      -0.812909,
      -0.600032,
      -0.538966,
      -0.716932,
      -0.655007,
      -0.687616,
      -0.779169,
      -0.624336,
      -0.626791,
      -0.676208,
      -0.594911,
      -0.354974,
      -0.550673,
      -0.860342,
      -0.62021,
      -0.891506,
      -0.985509,
      -0.309111,
      -0.703714,
      -0.168445,
      -0.735757,
      -0.879847,
      -0.337108,
      -0.609944,
      -0.744082,
      -0.509353,
      -0.164194,
      0.153879,
      0.655473,
      0.984045,
      1.509961,
      1.996512,
      1.966935,
      3.0,
      2.503496,
      2.400236,
      2.286318,
      1.790521,
      1.305248,
      0.779,
      0.37693,
      0.193529,
      0.075387,
      -0.215793,
      -0.718243,
      -0.385817,
      -0.88194,
      -0.719357,
      -0.915676,
      -0.754551,
      -0.333642,
      -0.582481,
      -0.525474,
      -0.654138,
      -0.706182,
      -0.566118,
      -0.524208,
      -0.594803,
      -0.295568,
      -0.598519,
      -0.614344,
      -0.340398,
      -0.7283,
      -0.552826,
      -0.781622,
      -0.582135,
      -0.581613,
      -0.734815,
      -0.518035,
      -0.550101,
      -0.780387,
      -0.325807,
      -0.406099,
      -0.815482,
      -0.817761,
      -0.521672,
      -0.656473,
      -0.449381,
      -1.136246,
      -0.535403,
      -0.261826,
      0.140338,
      0.431907,
      0.446915,
      0.916042,
      1.524225,
      1.149771,
      1.929724,
      2.679846,
      2.645979,
      2.36112,
      2.279815,
      1.498868,
      1.376138,
      0.817003,
      0.646336,
      0.292001,
      -0.274149,
      -0.776992,
      -0.503215,
      -0.585253,
      -0.496311,
      -0.491755,
      -0.778382,
      -0.382434,
      -0.662978,
      -0.666239,
      -0.910604,
      -0.918777,
      -0.61319,
      -0.410808,
      -0.715519,
      -0.657521,
      -0.239547,
      -0.70228,
      -0.789114,
      -0.594822,
      -0.637895,
      -0.386866,
      -0.502862,
      -0.755378,
      -0.655302,
      -0.371572,
      -0.56274,
      -0.730602,
      -0.698616,
      -0.539056,
      -0.508401,
      -0.857743,
      -0.621186,
      -0.614775,
      -0.625718,
      -0.348706,
      -0.607843,
      -0.565326,
      -0.291987,
      0.060814,
      0.357494,
      0.773647,
      1.004609,
      1.202244,
      1.256527,
      1.410843,
      1.890202,
      2.08257,
      2.24499,
      2.60244,
      2.606068,
      1.928175,
      2.005083,
      1.610179,
      1.818678,
      1.018743,
      0.996203,
      0.685001,
      0.586521,
      0.606104,
      -0.102488,
      0.131397,
      -0.799625,
      -0.723174,
      -0.865273,
      -0.793387,
      -1.0956,
      -0.548267,
      -0.687382,
      -0.987896,
      -1.041457,
      -0.87156,
      -0.772208,
      -0.717642,
      -1.129546,
      -0.833521,
      -0.779379,
      -0.940253,
      -1.410155,
      -0.891511,
      -0.567929,
      -0.966319,
      -0.471913,
      -0.624,
      -0.842315,
      -0.456698,
      -0.880594,
      -0.654424,
      -0.77291,
      -0.354106,
      -0.556217,
      -0.480353,
      -0.432684,
      -0.566236,
      -0.290192,
      0.562154,
      0.804713,
      1.210679
    ],
    "normal_series": [
      -0.512821,
      -0.33473,
      -0.422129,
      -0.461712,
      -0.689832,
      -0.255979,
      0.305359,
      0.505689,
      0.447404,
      1.407489,
      1.948435,
      2.3039,
      2.17077,
      2.89221,
      2.983862,
      1.980517,
      1.887193,
      1.380683,
      1.176139,
      0.500272,
      0.085328,
      -0.064743,
      -0.520275,
      -0.199669,
      -0.695005,
      -0.551359,
      -0.587554,
      -0.690757,
      -0.365555,
      -0.513116,
      -0.671129,
      -0.617117,
      -0.574598,
      -0.456187,
      -0.812909,
      -0.600032,
      -0.538966,
      -0.716932,
      -0.655007,
      -0.687616,
      -0.779169,
      -0.624336,
      -0.626791,
      -0.676208,
      -0.594911,
      -0.354974,
      -0.550673,
      -0.860342,
      -0.62021,
      -0.891506,
      -0.985509,
      -0.309111,
      -0.703714,
      -0.168445,
      -0.735757,
      -0.879847,
      -0.337108,
      -0.609944,
      -0.744082,
      -0.509353,
      -0.164194,
      0.153879,
      0.655473,
      0.984045,
      1.509961,
      1.996512,
      1.966935,
      3.0,
      2.503496,
      2.400236,
      2.286318,
      1.790521,
      1.305248,
      0.779,
      0.37693,
      0.193529,
      0.075387,
      -0.215793,
      -0.718243,
      -0.385817,
      -0.88194,
      -0.719357,
      -0.915676,
      -0.754551,
      -0.333642,
      -0.582481,
      -0.525474,
      -0.654138,
      -0.706182,
      -0.566118,
      -0.524208,
      -0.594803,
      -0.295568,
      -0.598519,
      -0.614344,
      -0.340398,
      -0.7283,
      -0.552826,
      -0.781622,
      -0.582135,
      -0.581613,
      -0.734815,
      -0.518035,
      -0.550101,
      -0.780387,
      -0.325807,
      -0.406099,
      -0.815482,
      -0.817761,
      -0.521672,
      -0.656473,
      -0.449381,
      -1.136246,
      -0.535403,
      -0.261826,
      0.140338,
      0.431907,
      0.446915,
      0.916042,
      1.524225,
      1.149771,
      1.929724,
      2.679846,
      2.645979,
      2.36112,
      2.279815,
      1.498868,
      1.376138,
      0.817003,
      0.646336,
      0.292001,
      -0.274149,
      -0.776992,
      -0.503215,
      -0.585253,
      -0.496311,
      -0.491755,
      -0.778382,
      -0.382434,
      -0.662978,
      -0.666239,
      -0.910604,
      -0.918777,
      -0.61319,
      -0.410808,
      -0.715519,
      -0.657521,
      -0.239547,
      -0.70228,
      -0.789114,
      -0.594822,
      -0.637895,
      -0.386866,
      -0.502862,
      -0.755378,
      -0.655302,
      -0.371572,
      -0.56274,
      -0.730602,
      -0.698616,
      -0.539056,
      -0.508401,
      -0.857743,
      -0.621186,
      -0.614775,
      -0.625718,
      -0.348706,
      -0.607843,
      -0.565326,
      -0.291987,
      -0.073606,
      0.35587,
      0.90482,
      1.268578,
      1.59901,
      1.78609,
      2.073202,
      2.685358,
      2.808743,
      2.360505,
      2.107297,
      1.890478,
      1.079788,
      1.023899,
      0.496199,
      0.571901,
      -0.36083,
      -0.498882,
      -0.571154,
      -0.430702,
      -0.172188,
      -0.641849,
      -0.169034,
      -0.861125,
      -0.545743,
      -0.5267,
      -0.454814,
      -0.757027,
      -0.209694,
      -0.34881,
      -0.649323,
      -0.702884,
      -0.532987,
      -0.433635,
      -0.379069,
      -0.790974,
      -0.494948,
      -0.440806,
      -0.60168,
      -1.071583,
      -0.552938,
      -0.229356,
      -0.627746,
      -0.471913,
      -0.624,
      -0.842315,
      -0.456698,
      -0.880594,
      -0.654424,
      -0.77291,
      -0.354106,
      -0.556217,
      -0.480353,
      -0.432684,
      -0.566236,
      -0.290192,
      0.562154,
      0.804713,
      1.210679
    ]
  },
  "windows": [
    {
      "window_range": {
        "start": 141,
        "end": 168
      },
      "anomaly_descriptions": [],