{
  "sample_id": 83,
  "original_data": {
    "time_series": [
      0.621928,
      -0.125243,
      -0.053806,
      0.354102,
      -0.355753,
      -0.444822,
      0.147211,
      -1.100174,
      0.265103,
      0.378331,
      -0.056058,
      -0.821095,
      -0.692072,
      -0.638433,
      -1.848598,
      0.349608,
      0.757604,
      -0.824666,
      0.202172,
      0.110364,
      -0.169875,
      0.957279,
      0.614906,
      0.86938,
      0.92281,
      -0.709621,
      -0.811824,
      -1.188834,
      -0.389887,
      0.511818,
      -1.27122,
      -1.150805,
      -1.137037,
      -0.89966,
      -1.011903,
      0.601875,
      -1.04704,
      -0.929263,
      -1.123867,
      -1.128917,
      -0.506612,
      -1.929257,
      -0.068689,
      0.064259,
      -1.363452,
      -1.547782,
      0.018031,
      -1.14338,
      -1.243077,
      -1.027508,
      -1.447886,
      -1.310734,
      -1.262317,
      -1.31496,
      -0.802155,
      -0.635433,
      -1.473004,
      -2.113627,
      -0.786086,
      -0.856046,
      -0.320756,
      -0.329678,
      -0.402206,
      -1.870945,
      -1.484172,
      -1.399984,
      -1.040693,
      -0.784454,
      -0.979243,
      0.235359,
      -0.747634,
      0.301944,
      -0.701236,
      -0.875144,
      -1.181502,
      0.461837,
      -1.321715,
      -0.292735,
      -2.13799,
      -1.286117,
      -2.340378,
      -1.164015,
      -1.616747,
      -1.898658,
      -2.157498,
      -1.75417,
      -1.442202,
      -1.844166,
      -1.799831,
      -2.438826,
      -1.398289,
      -1.442688,
      -1.359309,
      -1.327167,
      -1.018493,
      -2.030054,
      -1.340566,
      -1.216038,
      -1.132274,
      -1.492062,
      -1.557937,
      -1.664902,
      -0.293697,
      -1.349915,
      -0.792059,
      -1.39298,
      -1.258742,
      -1.801753,
      -1.643431,
      -0.650452,
      -1.563086,
      -1.153354,
      -1.847663,
      -2.517099,
      -1.536942,
      -1.296517,
      -1.863362,
      -0.877335,
      -1.939611,
      -2.320782,
      -1.880061,
      -0.912138,
      0.134964,
      -0.551348,
      -0.477199,
      -1.395923,
      -0.550162,
      -1.073589,
      0.025048,
      -1.021015,
      -1.037373,
      -1.953129,
      -1.782536,
      -2.570784,
      -2.40901,
      -1.855669,
      -2.474569,
      -2.203857,
      -1.080911,
      -1.432509,
      -1.002619,
      -1.609219,
      -1.75229,
      -1.519361,
      -1.074442,
      -1.571332,
      -2.010631,
      -2.100739,
      -1.179292,
      -1.920602,
      -1.400059,
      -1.807793,
      -1.994236,
      -2.192822,
      -2.636475,
      -2.121148,
      -2.495514,
      -1.986927,
      -1.813066,
      -2.062501,
      -2.446049,
      -2.020088,
      -1.311953,
      -1.252403,
      -1.895171,
      -2.228858,
      -0.136714,
      -0.967883,
      -1.589257,
      -1.586577,
      -1.719274,
      -2.093629,
      -0.445798,
      -2.273654,
      0.3857,
      -0.145442,
      -1.371759,
      -1.180474,
      -0.454331,
      -0.442915,
      -0.413032,
      -1.135045,
      -0.108283,
      -0.300481,
      -1.312056,
      -2.996318,
      -1.819101,
      -0.988208,
      -0.986651,
      -0.459263,
      -0.91117,
      -1.145738,
      -1.590045,
      -1.350442,
      -0.439071,
      -1.212354,
      -0.849673,
      0.805135,
      -0.902276,
      -1.002871,
      -1.515297,
      -1.448319,
      -0.989119,
      -0.215223,
      -1.126494,
      -1.642536,
      0.475109,
      -0.827971,
      -1.244753,
      0.066806,
      -0.424512,
      -0.834485,
      -0.11346,
      -0.623146,
      -0.984667,
      0.858346,
      -0.132572,
      0.449094,
      -0.309111,
      -0.250808,
      -0.258538,
      1.76421,
      -0.389986,
      0.094901,
      1.405654,
      1.335101,
      -0.266028,
      -0.175205,
      1.411824,
      -0.024957,
      -0.179947,
      0.37941,
      0.47417,
      -0.814085,
      -0.34118,
      0.298673,
      -0.447896,
      0.550682,
      -0.149545,
      0.026338,
      1.178758,
      0.953856,
      -0.286076,
      1.05867,
      0.186661,
      0.440003,
      -0.18266,
      0.281754,
      0.355145,
      -0.72625,
      0.46096,
      0.50267,
      0.812483,
      0.443945,
      1.255865,
      0.523612,
      -0.500807,
      0.507445,
      1.10435,
      0.539623,
      0.897162,
      0.279123,
      0.782566,
      0.209905,
      0.51358,
      1.40987,
      0.653444,
      0.930898,
      1.262755,
      0.429654,
      0.897287,
      0.773341,
      1.119587,
      1.629558,
      1.47363,
      0.588647,
      1.341506,
      0.891527,
      1.504618,
      1.695327,
      1.63512,
      1.568191,
      1.944193,
      1.444424,
      2.110436,
      1.849371,
      2.109652,
      2.404558,
      1.875634,
      1.509251,
      1.762034,
      1.267391,
      1.017214,
      1.225306,
      0.685235,
      2.255461,
      1.956754,
      1.530439,
      1.623978,
      2.203917,
      0.932437,
      1.131323,
      0.59409,
      0.396651,
      1.280232,
      1.250391,
      0.953303,
      0.688301,
      1.165516,
      0.460471,
      1.554019,
      1.6794,
      1.4849,
      1.235952,
      1.986935,
      2.018179,
      0.555649,
      0.535066,
      1.733033,
      1.382057,
      2.489524,
      1.742127,
      0.494011,
      1.092992,
      0.842989,
      1.304657,
      1.386994,
      1.427914,
      1.198366,
      1.042443,
      1.312563,
      0.805306,
      1.624708,
      1.655505,
      2.380201,
      1.414973,
      2.183762,
      2.358044,
      1.837317,
      2.150222,
      1.248308,
      2.563288,
      -1.009579,
      0.740216,
      0.929607,
      1.781942,
      1.497923,
      0.926814,
      2.278334,
      1.986385,
      -0.027878,
      1.111436,
      0.470766,
      1.45373,
      0.502737,
      0.021771,
      1.054815,
      0.313378,
      -0.422029,
      0.060071,
      0.446528,
      1.009656,
      2.076643,
      2.668849,
      0.900003,
      -0.417586,
      1.242944,
      0.521531,
      1.325936,
      0.698939,
      1.283301,
      1.585959,
      1.020985,
      1.424428,
      0.834086,
      0.997127,
      2.372566,
      0.987195,
      0.378234,
      1.486489,
      0.171622,
      0.736521,
      1.16584,
      1.531863,
      0.320231,
      2.626944,
      1.576671,
      1.65547,
      2.063585,
      1.134513,
      3.0,
      2.09052,
      1.660433,
      1.938013,
      1.665812,
      0.444523,
      0.916323,
      0.92276,
      0.006202,
      1.70327,
      1.746157,
      0.567403,
      1.800914,
      1.157244,
      0.726894,
      1.122281,
      0.837403,
      1.08869,
      0.38096,
      1.776593,
      1.296404,
      0.79793,
      0.455232,
      0.718051,
      0.424113,
      0.161984,
      1.039397,
      -0.568044,
      0.979141,
      0.82615,
      0.991218,
      1.968318,
      -1.981279,
      0.84088,
      1.172734,
      0.981018,
      0.704401,
      1.971214,
      -0.103115,
      -0.090644,
      1.589266,
      0.893202,
      1.157965,
      0.867003,
      0.840272,
      1.274854,
      0.885661,
      0.56591,
      2.179578,
      0.637887,
      1.293074,
      1.007929,
      2.105577,
      1.21378
    ],