{
  "sample_id": 134,
  "original_data": {
    "time_series": [
      -3.0,
      -2.942013,
      -2.884572,
      -2.827958,
      -2.770978,
      -2.714242,
      -2.658358,
      -2.601739,
      -2.546166,
      -2.490841,
      -2.435256,
      -2.379896,
      -2.32556,
      -2.27109,
      -2.217847,
      -2.16383,
      -2.109196,
      -1.994362,
      -1.877145,
      -1.762227,
      -1.64645,
      -1.532649,
      -1.417643,
      -1.302639,
      -1.189105,
      -1.074586,
      -0.961078,
      -0.848039,
      -0.735694,
      -0.622679,
      -0.510854,
      -0.398608,
      -0.287411,
      -0.175475,
      -0.064281,
      0.046387,
      0.156711,
      0.240441,
      0.225272,
      0.209424,
      0.192738,
      0.175648,
      0.159982,
      0.142662,
      0.124815,
      0.107002,
      0.089308,
      0.070805,
      0.051629,
      0.031858,
      0.014042,
      -0.006767,
      -0.026359,
      -0.047134,
      -0.068011,
      -0.08906,
      -0.110809,
      -0.132655,
      -0.127667,
      -0.087682,
      -0.049018,
      -0.009662,
      0.030037,
      0.069235,
      0.107484,
      0.144552,
      0.18243,
      0.219398,
      0.256045,
      0.292316,
      0.327484,
      0.364111,
      0.399097,
      0.434858,
      0.469095,
      0.503138,
      0.537358,
      0.570052,
      0.602416,
      0.635727,
      0.666817,
      0.699379,
      0.730254,
      0.761694,
      0.792305,
      0.82316,
      0.851974,
      0.882021,
      0.910806,
      0.994813,
      1.086218,
      1.176724,
      1.266623,
      1.355582,
      1.444974,
      1.533573,
      1.622887,
      1.709331,
      1.796793,
      1.884241,
      1.970882,
      2.057305,
      2.142792,
      2.228384,
      2.312362,
      2.397475,
      2.480668,
      2.563908,
      2.647058,
      2.71566,
      2.67249,
      2.629191,
      2.584696,
      2.540141,
      2.493918,
      2.449482,
      2.40356,
      2.356811,
      2.30961,
      2.262429,
      2.214294,
      2.166016,
      2.117257,
      2.067755,
      2.017813,
      1.967506,
      1.917852,
      1.866098,
      1.814273,
      1.762607,
      1.73019,
      1.739034,
      1.747806,
      1.755417,
      1.763925,
      1.771618,
      1.779608,
      1.784459,
      1.791942,
      1.796676,
      1.801607,
      1.805579,
      1.810081,
      1.813283,
      1.816152,
      1.819348,
      1.820302,
      1.82194,
      1.823368,
      1.822853,
      1.822386,
      1.821533,
      1.819006,
      1.817902,
      1.814126,
      1.809277,
      1.804741,
      1.799385,
      1.794512,
      1.787372,
      1.779434,
      1.821772,
      1.875756,
      1.928522,
      1.981212,
      2.034788,
      2.086808,
      2.136678,
      2.187159,
      2.237861,
      2.287077,
      2.335515,
      2.383956,
      2.431188,
      2.478001,
      2.52569,
      2.571517,
      2.617538,
      2.662123,
      2.706971,
      2.751727,
      2.7935,
      2.354635,
      2.011123,
      1.795217,
      1.780619,
      1.855706,
      1.751769,
      1.702059,
      1.561882,
      1.498543,
      1.124391,
      1.152641,
      1.42589,
      0.898943,
      0.782856,
      0.75112,
      0.916766,
      0.732373,
      0.565134,
      0.710278,
      0.50002,
      0.252413,
      0.481513,
      0.524928,
      0.221039,
      0.376753,
      0.49449,
      0.049245,
      0.017938,
      0.283494,
      0.275607,
      0.178694,
      -0.016938,
      -0.188131,
      0.250081,
      0.252226,
      -0.189138,
      0.004024,
      -0.01744,
      0.038041,
      -0.234314,
      -0.409302,
      -0.371814,
      -0.267701,
      -0.20721,
      -0.105341,
      -0.39904,
      -0.452332,
      -0.617718,
      -0.507989,
      -0.397022,
      -0.250469,
      0.173373,
      0.274982,
      0.515979,
      0.893681,
      0.307367,
      0.342022,
      0.375937,
      0.410952,
      0.445772,
      0.479763,
      0.514135,
      0.549349,
      0.583982,
      0.619109,
      0.654161,
      0.689483,
      0.725571,
      0.760977,
      0.797123,
      0.833685,
      0.869577,
      0.140397,
      0.165988,
      0.191742,
      0.218091,
      0.24498,
      0.271057,
      0.297873,
      0.325755,
      0.353421,
      0.380979,
      0.409768,
      0.438228,
      0.466764,
      0.412143,
      0.338854,
      0.266752,
      0.195155,
      0.124622,
      0.053736,
      -0.387583,
      -0.902803,
      -0.927063,
      -0.962847,
      -1.010961,
      -1.070823,
      -1.141028,
      -1.225571,
      -1.240727,
      -1.255318,
      -1.26923,
      -1.283524,
      -1.296988,
      -1.309817,
      -1.32131,
      -1.333156,
      -1.344583,
      -1.355115,
      -1.364438,
      -1.374061,
      -1.382329,
      -1.390102,
      -1.39705,
      -1.405213,
      -1.410466,
      -1.416113,
      -1.420425,
      -1.424653,
      -1.4282,
      -1.430124,
      -1.432768,
      -1.433196,
      -1.396175,
      -1.333694,
      -1.270927,
      -1.208779,
      -1.145566,
      -1.083125,
      -1.020529,
      -0.95711,
      -0.895057,
      -0.831952,
      -0.768661,
      -0.706806,
      -0.6438,
      -0.580714,
      -0.517742,
      -0.45648,
      -0.393196,
      -0.330366,
      -0.266534,
      -0.204936,
      -0.14152,
      -0.180333,
      -0.242957,
      -0.305488,
      -0.367302,
      -0.430404,
      -0.491908,
      -0.555451,
      -0.617416,
      -0.679194,
      -0.742375,
      -0.803758,
      -0.866099,
      -0.928433,
      -0.991215,
      -1.052476,
      -1.114728,
      -1.176818,
      -1.39388,
      -1.300687,
      -1.363104,
      -1.422309,
      -1.422673,
      -1.422653,
      -1.421445,
      -1.419544,
      -1.418355,
      -1.417723,
      -1.416596,
      -1.415766,
      -1.414188,
      -1.414009,
      -1.412129,
      -1.410512,
      -1.409622,
      -1.409294,
      -1.407037,
      -1.40526,
      -1.404823,
      -1.402903,
      -1.401374,
      -1.399709,
      -1.397458,
      -1.395547,
      -1.394287,
      -1.391593,
      -1.390025,
      -1.388309,
      -1.385929,
      -1.383552,
      -1.381486,
      -1.379083,
      -1.346558,
      -1.280663,
      -1.215198,
      -1.151221,
      -1.08552,
      -1.019576,
      -0.954302,
      -0.888156,
      -0.822493,
      -0.757816,
      -0.69166,
      -0.625703,
      -0.560527,
      -0.494983,
      -0.427939,
      -0.362875,
      -0.295802,
      -0.23048,
      -0.163653,
      -0.097543,
      -0.030142,
      -0.052986,
      -0.112163,
      -0.169897,
      -0.229694,
      -0.286809,
      -0.345015,
      -0.404684,
      -0.462415,
      -0.520782,
      -0.578371,
      -0.635994,
      -0.69387,
      -0.75185,
      -0.80893,
      -0.86663,
      -0.924678,
      -0.982277,
      -1.038591,
      -1.096313,
      -1.152977,
      -1.210191,
      -1.208536,
      -1.202587,
      -1.196453,
      -1.191017,
      -1.184176,
      -1.17858,
      -1.172066,
      -1.163906,
      -1.157916,
      -1.151095,
      -1.144114,
      -1.136858,
      -1.129608,
      -1.122725,
      -1.11418,
      -1.107857,
      -1.09946,
      -1.092441,
      -1.083906,
      -1.076785,
      -1.068177,
      -1.059765,
      -1.052176,
      -1.042652,
      -1.034282,
      -1.02576,
      -1.017151,
      -1.007868,
      -0.998873,
      -0.988702,
      -0.955086,
      -0.882675,
      -0.810455,
      -0.738542,
      -0.664923,
      -0.59261,
      -0.519598,
      -0.446836,
      -0.374251,
      -0.300767,
      -0.227237,
      -0.153817,
      -0.079616,
      -0.006025,
      0.067724
    ],