{
  "sample_id": 23,
  "original_data": {
    "time_series": [
      -0.593373,
      -0.788151,
      -1.817202,
      0.300423,
      0.065949,
      0.620618,
      0.715341,
      1.139253,
      -1.623586,
      -1.745772,
      -0.056192,
      -0.483919,
      0.352595,
      0.056367,
      0.562045,
      -0.487753,
      -0.674549,
      0.617149,
      0.956549,
      -0.055002,
      -0.558559,
      -0.312461,
      0.383328,
      -2.881838,
      -0.382441,
      0.946424,
      -1.095413,
      0.192048,
      0.186711,
      1.084056,
      0.664124,
      1.78161,
      -0.049176,
      1.336955,
      -0.142434,
      -0.748108,
      -0.939228,
      -2.227398,
      -0.054338,
      -1.528135,
      0.261784,
      -0.383135,
      -0.845908,
      2.087644,
      -1.04366,
      -0.791474,
      -0.0373,
      -0.214843,
      0.304682,
      1.707235,
      0.97047,
      2.204821,
      0.34224,
      -0.652587,
      0.641899,
      -0.885274,
      0.640501,
      -1.788011,
      1.282866,
      -1.011749,
      0.804829,
      0.189544,
      -0.003634,
      -1.428361,
      0.291278,
      1.464656,
      -0.78689,
      -0.519441,
      1.159088,
      1.44626,
      0.516327,
      -0.753426,
      -0.639028,
      -2.168106,
      -0.853313,
      0.344206,
      -0.088385,
      0.500735,
      1.576532,
      -1.99437,
      1.051891,
      -0.445566,
      1.805904,
      0.246048,
      -0.013191,
      -1.376572,
      -0.123772,
      0.716105,
      2.429971,
      -0.852575,
      -1.392023,
      0.843972,
      -0.330909,
      0.59668,
      1.620231,
      1.796627,
      0.199804,
      -0.516238,
      -1.110867,
      -1.122046,
      0.739198,
      -0.373806,
      0.520366,
      1.206558,
      1.097764,
      -0.136809,
      0.157896,
      -0.269811,
      0.464656,
      1.062394,
      -2.498708,
      1.01091,
      -0.16132,
      0.005226,
      -0.574984,
      0.697588,
      -0.298631,
      -2.583671,
      1.690854,
      -0.347567,
      0.225121,
      0.914333,
      -0.278603,
      -1.502287,
      -0.817073,
      0.535497,
      -0.144788,
      -0.007481,
      -2.408771,
      1.344743,
      1.05314,
      0.454494,
      0.97437,
      -0.109394,
      -2.015357,
      -0.286399,
      0.151205,
      1.84744,
      -0.640928,
      -0.578005,
      -0.954197,
      -0.495569,
      1.2492,
      -0.425884,
      0.089086,
      -0.747285,
      -0.115183,
      -0.195014,
      -0.230566,
      0.317794,
      1.669255,
      0.511555,
      1.054976,
      1.095984,
      0.922641,
      -0.334993,
      -1.024747,
      -1.679993,
      -0.170979,
      0.875452,
      -0.922066,
      -0.266355,
      -1.14911,
      0.470954,
      -0.595308,
      -1.772698,
      1.978943,
      -0.926891,
      -1.191412,
      -0.018929,
      -2.24855,
      -0.835264,
      0.242501,
      -0.147532,
      0.443634,
      -1.009693,
      1.013309,
      -0.374968,
      0.593596,
      -0.051258,
      0.242317,
      -0.061105,
      0.053397,
      2.909422,
      -0.03654,
      -2.018689,
      -0.626994,
      0.042127,
      -0.808508,
      0.132399,
      0.614333,
      0.335277,
      -0.412548,
      -0.290241,
      -0.013793,
      0.11557,
      -0.006652,
      -0.205186,
      0.413134,
      -0.372427,
      0.749336,
      2.002428,
      -0.477167,
      0.036871,
      -0.834484,
      0.793247,
      -0.115141,
      2.93716,
      -0.433016,
      0.938142,
      0.296522,
      0.989428,
      0.269149,
      0.809649,
      0.094268,
      -0.310168,
      -1.048609,
      0.989667,
      -1.098286,
      -0.377252,
      0.936429,
      0.473437,
      -1.961093,
      -1.378124,
      -0.685975,
      -0.700824,
      0.122876,
      1.100179,
      1.907921,
      0.523226,
      -0.380182,
      0.546308,
      -0.746723,
      3.0,
      0.047232,
      -0.075787,
      0.252657,
      -0.471725,
      0.483978,
      0.639315,
      -0.968825,
      -0.321875,
      -0.843127,
      -2.331083,
      1.391282,
      -0.129029
    ],