{
  "sample_id": 34,
  "original_data": {
    "time_series": [
      0.330629,
      -2.469538,
      -0.753099,
      -0.32917,
      0.460197,
      -1.760769,
      -0.980969,
      -0.498382,
      1.399281,
      0.291376,
      -0.842062,
      -0.638319,
      -0.872613,
      -1.524337,
      0.331975,
      -0.583566,
      -0.369877,
      -0.912091,
      -1.848074,
      -0.325439,
      0.248841,
      0.490141,
      -0.082263,
      -0.585461,
      -2.069391,
      0.503977,
      0.687914,
      0.09038,
      1.752389,
      -1.076703,
      0.253576,
      -2.002521,
      -0.963944,
      -0.96539,
      0.542894,
      1.372901,
      0.029331,
      -0.691481,
      0.313106,
      0.441984,
      0.605165,
      -0.458121,
      -0.250553,
      -0.764207,
      -1.273126,
      0.498249,
      -0.005454,
      -0.90525,
      1.145863,
      -0.653787,
      0.238014,
      0.821785,
      0.670992,
      -0.530852,
      -0.491136,
      -0.274819,
      -0.715562,
      -0.335013,
      -0.109579,
      -1.568034,
      -1.310266,
      0.012699,
      0.737153,
      -1.342764,
      1.244321,
      1.18103,
      -0.294481,
      0.710786,
      1.880292,
      -0.144976,
      0.140232,
      1.312304,
      0.826068,
      0.865139,
      0.679987,
      1.120474,
      -0.63174,
      1.117136,
      0.908036,
      -0.821964,
      -1.06184,
      1.203835,
      1.375156,
      -0.212587,
      0.287833,
      0.162144,
      -1.21205,
      -0.119246,
      0.968917,
      1.867923,
      0.48032,
      -0.133415,
      1.020856,
      0.074354,
      -0.526792,
      0.540999,
      0.991588,
      -0.276697,
      1.107358,
      0.017493,
      -0.889184,
      1.357795,
      -1.061422,
      1.006441,
      1.573437,
      -0.800867,
      1.086014,
      0.596793,
      -1.522072,
      0.603544,
      1.340726,
      -0.583283,
      -1.080389,
      0.642742,
      0.034197,
      -1.234053,
      0.312403,
      0.564568,
      0.634539,
      1.75925,
      -1.136755,
      -0.420269,
      1.605054,
      -0.140525,
      0.737853,
      1.068232,
      -0.118314,
      -0.656366,
      -0.433995,
      0.682421,
      -0.019922,
      -0.110552,
      0.809842,
      1.565997,
      0.548745,
      0.27669,
      0.078425,
      -0.374368,
      -0.449737,
      -0.107305,
      0.093759,
      0.030757,
      0.356424,
      0.563623,
      0.007492,
      0.02704,
      0.309188,
      0.992426,
      0.087401,
      0.356919,
      0.558534,
      -0.215184,
      0.136156,
      0.036651,
      0.56219,
      0.157161,
      1.067938,
      0.431469,
      0.472805,
      -0.483426,
      0.183487,
      0.247627,
      0.188619,
      0.357888,
      -0.371872,
      -0.349606,
      0.769579,
      0.089448,
      0.700012,
      -0.303493,
      -0.724755,
      0.218733,
      -0.006418,
      0.027551,
      -0.070631,
      -0.368512,
      -0.186506,
      0.001759,
      0.219863,
      -0.662547,
      -0.10448,
      -1.059808,
      0.770524,
      0.140602,
      -0.332844,
      0.328795,
      -0.753116,
      0.092428,
      -0.351453,
      0.454136,
      0.619941,
      0.285102,
      -0.169688,
      -0.063135,
      1.248926,
      0.177669,
      -0.081984,
      0.055868,
      -0.129901,
      0.0005,
      0.213087,
      0.27755,
      -0.949761,
      -0.550232,
      -0.15372,
      -0.208502,
      -0.918906,
      -0.170818,
      -0.53742,
      -0.280401,
      -0.613356,
      -0.28645,
      -0.209519,
      -0.81017,
      1.046507,
      -0.271571,
      -0.52029,
      0.385091,
      -0.320207,
      0.089701,
      -0.3955,
      0.443064,
      0.223213,
      0.069327,
      0.041253,
      0.17573,
      0.300228,
      0.31018,
      0.283544,
      0.360749,
      -0.263491,
      0.12401,
      0.482387,
      -0.304414,
      -0.637932,
      -0.688683,
      -0.372577,
      -0.289829,
      -0.079389,
      -0.656086,
      -0.040115,
      -0.366845,
      0.348133,
      -0.324287,
      0.284233,
      -0.092139,
      0.012666,
      -0.448343,
      0.223189,
      0.238033,
      -0.753719,
      -0.584048,
      0.249281,
      -0.004012,
      0.273018,
      0.197872,
      0.120822,
      -0.12464,
      -0.887735,
      -0.684585,
      -0.244266,
      -1.341752,
      0.380156,
      0.259373,
      0.127217,
      -0.301326,
      -0.476946,
      -0.486206,
      0.122258,
      -0.675916,
      0.104665,
      -0.755439,
      -1.13634,
      -0.24016,
      0.097434,
      -0.277118,
      -0.234947,
      -0.422703,
      -1.662006,
      0.55008,
      -0.575829,
      -1.300002,
      -0.581194,
      0.131812,
      0.777954,
      0.557308,
      -0.634699,
      -0.920671,
      0.07593,
      1.911583,
      1.114503,
      -0.245492,
      -0.601967,
      -0.325681,
      -1.12858,
      -0.797617,
      1.91119,
      0.36289,
      0.310288,
      -0.535709,
      -2.142295,
      -0.139795,
      -0.306869,
      -0.660724,
      -2.115523,
      -1.914918,
      0.456938,
      -0.354127,
      -0.048819,
      -0.905375,
      -0.495565,
      -0.15863,
      1.391077,
      -0.174965,
      -1.065392,
      0.123369,
      -0.127476,
      0.420969,
      -0.189438,
      -0.501706,
      -1.651706,
      -1.60559,
      -1.007186,
      0.110896,
      -0.572168,
      -0.04868,
      1.181521,
      0.592663,
      -0.24478,
      0.774973,
      -1.288545,
      -0.043869,
      -0.042002,
      0.151846,
      0.371618,
      -0.19185,
      1.314584,
      0.619328,
      2.232054,
      0.490132,
      1.098041,
      -0.26585,
      -0.831392,
      -0.260859,
      0.002528,
      0.352869,
      0.981888,
      -0.636829,
      -1.32044,
      0.610344,
      0.777721,
      -1.327323,
      1.429628,
      0.006405,
      -2.653592,
      2.080804,
      0.694566,
      0.613595,
      -1.958939,
      2.633052,
      1.729637,
      0.709326,
      -0.188425,
      -0.038578,
      -0.932853,
      0.417472,
      -1.627622,
      0.809436,
      2.031353,
      0.006778,
      -0.028741,
      1.238371,
      -1.513009,
      -0.706779,
      0.7846,
      0.130657,
      -0.467212,
      -1.59837,
      0.263894,
      -1.020719,
      -1.103466,
      0.300556,
      0.229432,
      0.92765,
      -0.634963,
      -0.632706,
      1.348595,
      -2.621765,
      -0.799084,
      -1.124672,
      2.534836,
      -0.657034,
      0.827227,
      0.635047,
      -1.219201,
      -2.395361,
      -0.617574,
      -2.356982,
      0.681929,
      0.185368,
      0.355674,
      -0.792506,
      -0.106994,
      0.892343,
      0.883451,
      0.164574,
      0.22933,
      -0.928779,
      1.091515,
      1.208638,
      -1.37103,
      0.336755,
      0.657472,
      1.026252,
      0.539142,
      -0.502865,
      0.65165,
      -0.782859,
      -3.0,
      -0.27364,
      -1.117967,
      0.53591,
      0.917833,
      -0.375187,
      -1.196731,
      -1.394721,
      -0.442749,
      0.215659,
      1.178296,
      1.670056,
      -0.443506,
      0.130872,
      -0.645259,
      -0.376223,
      -2.332802,
      -0.272112,
      0.955916,
      -0.531622,
      1.416879,
      0.258168,
      -0.525336,
      0.592062,
      -0.059041,
      -0.69828,
      -2.502936,
      0.99533,
      -1.862992,
      0.459383,
      1.09674,
      0.628519,
      0.405157,
      2.336206,
      -0.308641,
      2.02639,
      0.516164,
      1.141112,
      1.225428,
      -0.45636,
      -0.875209,
      0.665929,
      1.556657,
      -0.317876,
      -0.958015,
      1.274026,
      0.292105,
      0.130628,
      2.241202,
      0.180989,
      2.535106,
      -0.049701,
      -0.648653,
      2.778826,
      2.145945,
      -0.281512,
      0.387503,
      -0.802098,
      1.939023,
      -0.891531,
      0.553873,
      1.04044,
      2.944708,
      0.596458,
      -0.693887,
      0.816043,
      -0.845609,
