{
  "sample_id": 77,
  "original_data": {
    "time_series": [
      -2.520123,
      -2.712997,
      -2.272048,
      -2.417407,
      -3.0,
      -2.071686,
      -2.20955,
      -2.45239,
      -2.278383,
      -2.15749,
      -1.786266,
      -2.13217,
      -1.948845,
      -1.832806,
      -2.110571,
      -2.625782,
      -2.511589,
      -2.642386,
      -2.002453,
      -2.356859,
      -1.520506,
      -1.669165,
      -2.214263,
      -2.104403,
      -1.861821,
      -1.897144,
      -2.439053,
      -2.155148,
      -1.576548,
      -1.887229,
      -2.476149,
      -2.072073,
      -1.490402,
      -1.746663,
      -1.146688,
      -2.145236,
      -1.596711,
      -2.283922,
      -1.764114,
      -1.80029,
      -1.999068,
      -2.080094,
      -2.529078,
      -1.78331,
      -1.833774,
      -1.868312,
      -1.650643,
      -1.820375,
      -1.897434,
      -1.503254,
      -1.673159,
      -1.919549,
      -1.293109,
      -1.769929,
      -1.438372,
      -1.788657,
      -1.276762,
      -1.5659,
      -1.829206,
      -1.55027,
      -1.803705,
      -1.197695,
      -1.589923,
      -1.701041,
      -1.522861,
      -1.74514,
      -0.835211,
      -1.398922,
      -1.467625,
      -1.8679,
      -2.062308,
      -1.45761,
      -1.404609,
      -1.579952,
      -1.495325,
      -1.36603,
      -1.362409,
      -0.975956,
      -1.21979,
      -1.596947,
      -1.921667,
      -0.834784,
      -1.044423,
      -1.191773,
      -1.035703,
      -1.625697,
      -1.625211,
      -1.525102,
      -1.38133,
      -1.079045,
      -1.261605,
      -2.16172,
      -1.137675,
      -0.806446,
      -1.960767,
      -1.405881,
      -1.261055,
      -1.558147,
      -1.030574,
      -0.890811,
      -1.072011,
      -1.323844,
      -1.073493,
      -1.331562,
      -1.305528,
      -1.116867,
      -1.061767,
      -1.374822,
      -1.162911,
      -1.825245,
      -0.7478,
      -1.323739,
      -1.196738,
      -1.098095,
      -0.655114,
      -0.303529,
      -0.537642,
      -0.747682,
      -1.216552,
      -0.787346,
      -0.957096,
      -1.174992,
      -1.152758,
      -0.780242,
      -1.205115,
      -0.815262,
      -0.716744,
      -0.624243,
      -0.949809,
      -1.263526,
      -0.760707,
      -1.448496,
      -0.799494,
      -1.12172,
      -0.582945,
      -0.543601,
      -0.912074,
      -0.70027,
      -1.120405,
      -0.595651,
      -0.748697,
      -0.966233,
      -0.795594,
      -1.025378,
      -1.32854,
      -0.863098,
      -1.004574,
      -0.978364,
      -0.505146,
      -0.73105,
      -1.031757,
      -0.699239,
      -0.844496,
      -0.593788,
      -0.213846,
      -0.568886,
      -0.872975,
      -0.921187,
      -0.577572,
      -0.235369,
      -0.613951,
      -0.484992,
      -0.852251,
      -0.556635,
      -0.619153,
      -0.770231,
      -0.571061,
      -0.522253,
      -1.041561,
      -0.74136,
      -0.431674,
      -0.685952,
      -0.40712,
      -0.894168,
      -0.120907,
      -0.916382,
      -0.229216,
      -0.462126,
      -0.258097,
      -0.570844,
      -1.008737,
      -0.704912,
      -0.661895,
      -0.34259,
      -0.082621,
      -0.480732,
      0.200836,
      -0.307283,
      -0.169784,
      -0.442698,
      -0.264039,
      -0.614299,
      -0.117873,
      -0.507073,
      -0.306827,
      0.096207,
      -0.01566,
      -0.522288,
      0.121671,
      -0.661222,
      -0.833188,
      -0.682255,
      -0.238179,
      -0.43372,
      0.035188,
      0.106285,
      -0.273996,
      0.230552,
      0.416132,
      -0.474654,
      -0.438527,
      -0.212596,
      -0.571503,
      0.069837,
      -0.580988,
      0.090496,
      -0.100398,
      0.05189,
      -0.185746,
      -0.584165,
      0.013,
      -0.207815,
      0.376796,
      0.298722,
      0.570075,
      -0.413344,
      -0.14947,
      0.050688,
      -0.140967,
      -0.322653,
      -0.580309,
      0.369572,
      0.040548,
      0.109982,
      -0.171931,
      -0.07824,
      0.200716,
      -0.362844,
      0.309761,
      0.399249,
      0.740206,
      0.415112,
      0.921786,
      0.027139,
      -0.016198,
      0.091343,
      -0.179387,
      -0.267283,
      -0.336102,
      -0.262054,
      -0.119252,
      0.163404,
      0.492962,
      0.003918,
      0.453278,
      -0.184827,
      0.152539,
      0.74264,
      0.582453,
      0.371347,
      0.126131,
      -0.204946,
      -0.134364,
      0.060842,
      0.611917,
      0.000185,
      0.181447,
      0.106413,
      0.218882,
      0.010952,
      -0.137936,
      0.124301,
      0.661365,
      0.753368,
      0.23308,
      0.463873,
      0.537227,
      0.075479,
      0.508809,
      0.303329,
      0.188325,
      0.74048,
      0.788178,
      0.467661,
      0.346446,
      0.327374,
      0.722445,
      0.216646,
      0.181838,
      0.299572,
      0.666653,
      -0.043743,
      0.732779,
      0.797139,
      0.467118,
      0.407416,
      0.692736,
      0.484177,
      0.027101,
      0.334228,
      0.456603,
      0.856442,
      0.248481,
      1.283412,
      0.221654,
      0.50214,
      0.931444,
      0.609837,
      0.325254,
      0.350869,
      1.138749,
      0.71125,
      1.454001,
      0.87088,
      0.695477,
      0.638081,
      0.763667,
      0.767845,
      1.21598,
      0.884621,
      0.765479,
      0.59453,
      0.640172,
      0.825165,
      0.531126,
      0.754494,
      0.807293,
      0.887608,
      1.01823,
      0.849128,
      1.045805,
      0.666328,
      0.461422,
      0.792978,
      0.941833,
      0.795645,
      1.025235,
      0.921344,
      0.681658,
      0.946902,
      1.041687,
      0.928247,
      1.061608,
      0.966565,
      0.749937,
      0.89159,
      1.192975,
      1.180714,
      0.743276,
      1.13557,
      1.048628,
      1.282656,
      0.532755,
      1.207253,
      0.843449,
      0.811674,
      1.04239,
      0.74881,
      1.063255,
      0.902416,
      0.714481,
      0.869177,
      0.579625,
      0.725333,
      1.108674,
      0.902269,
      0.844296,
      1.043,
      0.962148,
      1.160684,
      1.056107,
      0.938178,
      0.989789,
      1.096096,
      0.897984,
      0.950771,
      0.850033,
      1.098139,
      0.804568,
      1.060348,
      1.425845,
      1.025177,
      1.203552,
      1.134851,
      0.728016,
      1.015739,
      1.113489,
      1.026084,
      1.095366,
      0.772959,
      1.39791,
      0.760414,
      0.907184,
      0.9442,
      0.950718,
      0.852503,
      0.843978,
      1.001051,
      1.180632,
      1.394267,
      1.078642,
      0.933098,
      0.923137,
      0.96185,
      1.176167,
      1.35381,
      1.334745,
      1.219557,
      1.204147,
      1.167198,
      0.902859,
      0.930354,
      0.989744,
      1.185378,
      1.300274,
      0.97765,
      1.25626,
      1.087566,
      1.149476,
      1.143196,
      1.48467,
      0.876263,
      0.985104,
      1.294524,
      1.161204,
      1.118661,
      1.292734,
      1.018445,
      1.089372,
      1.218273,
      1.197515,
      0.809606,
      1.067816,
      1.367329,
      1.302562,
      1.434719,
      1.180284,
      1.102961,
      1.454712,
      1.354745,
      1.316675,
      1.487864,
      1.00693,
      1.360208,
      1.217264,
      1.177331,
      1.067164,
      1.360245,
      1.536713,
      1.241635,
      0.889335,
      1.2809,
      1.190086,
      1.465489,
      1.424599,
      1.144936,
      1.229156,
      1.339254,
      1.563372,
      1.271613,
      1.34975,
      1.06836,
      0.939865,
      1.30738,
      1.151056,
      1.284503,
      1.220295,
      1.292563,
      1.501509,
      1.69627,
      1.33101,
      1.387142,
      0.743477,
      1.218582,
      1.279069,
      0.997689,
      1.266557,
      1.211935,
      1.252457,
      1.064075,
      0.698083,
      1.349459,
      0.892573,
      1.533018,
      1.271147,
      1.292384,
