{
  "sample_id": 18,
  "original_data": {
    "time_series": [
      0.112054,
      -0.720053,
      0.37336,
      -0.250695,
      0.189977,
      -0.771437,
      -0.143745,
      0.399031,
      0.245406,
      -0.34148,
      -0.124338,
      -0.140539,
      0.056522,
      -0.891021,
      -1.089715,
      0.207402,
      -0.535601,
      -1.047331,
      -0.232346,
      0.140639,
      -0.574288,
      0.701733,
      0.066222,
      0.166343,
      -0.65466,
      0.408441,
      1.180567,
      -0.368347,
      -0.438078,
      0.488578,
      -0.203775,
      -0.803161,
      -1.324092,
      0.076978,
      0.342908,
      -0.61499,
      -0.802057,
      -0.033596,
      0.507042,
      0.424448,
      0.53511,
      0.212446,
      1.071948,
      -1.145467,
      -0.411926,
      0.066848,
      0.178861,
      0.029504,
      0.685473,
      -0.101101,
      -0.065804,
      0.427697,
      0.730464,
      0.232626,
      0.610094,
      0.799563,
      0.106735,
      -0.298271,
      -0.614336,
      -0.275631,
      -0.54859,
      1.181997,
      -0.409192,
      2.126605,
      0.069885,
      0.500536,
      0.328702,
      0.948645,
      1.186789,
      0.576447,
      0.615574,
      1.455237,
      0.746654,
      -0.598864,
      -0.211426,
      -0.059065,
      0.239535,
      0.920861,
      -0.122422,
      -0.104146,
      0.199717,
      -0.802093,
      -0.79946,
      -0.282733,
      0.455212,
      -0.479071,
      -0.684062,
      0.915598,
      0.718885,
      0.425132,
      0.482177,
      -0.157205,
      0.176921,
      0.4815,
      0.638806,
      -0.316388,
      0.757976,
      -1.448589,
      0.819275,
      0.134644,
      -0.02491,
      1.060483,
      1.088887,
      -0.336076,
      0.700536,
      0.045,
      0.13842,
      -1.064801,
      0.023086,
      1.166875,
      0.747007,
      1.078765,
      -1.192688,
      1.280336,
      0.442507,
      -0.401125,
      0.327293,
      0.195862,
      0.841659,
      -0.669317,
      1.552278,
      0.062318,
      -0.632763,
      1.002704,
      -0.368319,
      0.694513,
      0.037146,
      -0.47059,
      0.425774,
      -0.264394,
      -0.279231,
      -0.316003,
      0.432099,
      -0.312142,
      -0.148494,
      0.482618,
      -0.241063,
      -0.002465,
      0.696338,
      0.402167,
      0.762111,
      0.388238,
      0.300561,
      0.095621,
      0.319559,
      -0.183474,
      1.14849,
      0.588534,
      0.773913,
      0.232946,
      0.221873,
      -0.247859,
      1.036637,
      0.338624,
      0.529606,
      -0.733309,
      0.257974,
      0.752107,
      0.404762,
      0.652718,
      -0.179968,
      0.38271,
      0.058575,
      -0.30696,
      0.233402,
      -0.911373,
      -0.44731,
      1.742245,
      -1.028058,
      -0.559142,
      0.558072,
      -0.393383,
      1.01495,
      -0.192209,
      -1.428476,
      0.526033,
      0.075154,
      0.451784,
      0.526689,
      -0.222767,
      -0.903007,
      -0.850828,
      -0.23267,
      0.150614,
      -1.952572,
      0.799094,
      -0.348559,
      -0.237639,
      -0.087911,
      0.24153,
      0.090654,
      -0.095067,
      -0.365674,
      -1.000251,
      -0.59691,
      -0.374266,
      0.52766,
      1.009244,
      0.033142,
      0.191511,
      0.388632,
      0.688511,
      0.008513,
      -0.648732,
      0.125337,
      -0.395713,
      -0.406634,
      -0.516135,
      0.603448,
      -0.12904,
      0.441969,
      -0.155296,
      -0.347066,
      -0.678379,
      -0.897966,
      0.080552,
      -0.840272,
      0.428945,
      -1.061317,
      -1.086221,
      -0.318396,
      -0.174095,
      -1.113178,
      1.007131,
      -0.495735,
      -0.210266,
      -1.699485,
      0.313769,
      -1.270659,
      0.338758,
      0.258338,
      -2.478328,
      -0.447579,
      0.552763,
      0.832106,
      1.563802,
      0.120099,
      1.330346,
      0.781435,
      -1.164706,
      -0.582031,
      -0.271332,
      -0.774005,
      -1.2158,
      -0.187689,
      1.433521,
      0.324485,
      -0.377796,
      -0.506454,
      -0.713473,
      -0.07121,
      -0.324167,
      -1.240683,
      -0.942801,
      0.146491,
      -0.265022,
      -0.44767,
      0.024712,
      -0.312551,
      0.14732,
      -0.132261,
      -0.306079,
      -0.794902,
      -0.40439,
      1.3745,
      -0.93682,
      1.572802,
      0.045916,
      0.954113,
      -0.65959,
      -1.957133,
      0.304804,
      0.025502,
      -1.663365,
      0.934071,
      0.342468,
      0.380987,
      -1.064724,
      0.89203,
      1.643454,
      0.346405,
      -0.717382,
      -1.034715,
      -0.059215,
      -0.308403,
      0.852385,
      1.303977,
      -0.459763,
      -0.495968,
      0.909915,
      -1.045717,
      0.152532,
      -1.531666,
      -0.437259,
      -2.183673,
      0.458726,
      0.799342,
      -0.052748,
      -0.552454,
      0.7875,
      1.436063,
      1.227226,
      1.164733,
      0.162411,
      -0.797458,
      1.377567,
      -1.089322,
      0.043064,
      0.306427,
      -0.687298,
      0.657597,
      0.272579,
      1.064968,
      0.039098,
      -2.685059,
      1.242913,
      1.115962,
      0.588845,
      0.632442,
      0.330925,
      -0.64305,
      1.49689,
      0.414535,
      2.40188,
      -0.094377,
      -0.504842,
      -2.790068,
      0.014669,
      -0.502172,
      -2.111377,
      2.274027,
      -0.102352,
      -0.778378,
      1.38767,
      -1.650168,
      -0.651837,
      -0.552652,
      -0.477241,
      -0.280553,
      -0.181948,
      -1.213624,
      -1.365686,
      -0.162331,
      0.548446,
      -0.075381,
      1.189236,
      0.703168,
      -1.046108,
      -0.274468,
      -0.419517,
      0.629632,
      -0.782671,
      -0.415126,
      -0.922143,
      -0.492156,
      0.666721,
      -0.782578,
      0.353202,
      0.145559,
      0.155691,
      0.483982,
      0.145181,
      -0.070954,
      0.797349,
      1.118091,
      -1.833768,
      1.869001,
      0.063335,
      -0.030006,
      -0.836742,
      0.81124,
      2.260998,
      0.566387,
      -1.183109,
      -1.916996,
      -1.631492,
      3.0,
      -1.879249,
      -0.153496,
      0.9902,
      -2.057701,
      -2.323412,
      0.425101,
      0.40852,
      1.469893,
      0.715481,
      -0.896638,
      0.154407,
      0.818108,
      2.030346,
      -0.04285,
      -0.760078,
      -0.490453,
      1.009604,
      -1.522247,
      -0.366911,
      -0.650105,
      -1.1316,
      -0.418809,
      -1.484238
    ],