{
  "sample_id": 71,
  "original_data": {
    "time_series": [
      -0.101312,
      0.337819,
      0.026385,
      0.5207,
      0.228075,
      0.329477,
      -0.03125,
      0.761367,
      0.987703,
      0.328894,
      1.256801,
      -1.571223,
      -0.057082,
      -0.387921,
      0.423118,
      -0.064042,
      -0.164422,
      -0.906419,
      -1.029336,
      0.662079,
      -0.363734,
      1.277905,
      -0.169799,
      -1.005777,
      -0.032824,
      0.00513,
      -0.547165,
      -0.401858,
      -0.128267,
      -0.509093,
      -0.499092,
      1.135433,
      1.631276,
      0.183818,
      -0.665433,
      -0.248151,
      -1.147557,
      -0.970145,
      0.275698,
      0.492766,
      -0.140795,
      -0.540709,
      -0.592256,
      -0.618022,
      0.273402,
      0.69855,
      -1.123263,
      -0.325589,
      0.879637,
      0.403554,
      -0.776149,
      0.929616,
      0.402843,
      0.108037,
      -0.030783,
      -0.587867,
      0.470588,
      -1.153777,
      0.053896,
      -1.345305,
      -0.299483,
      -0.944736,
      0.237988,
      0.323652,
      0.724417,
      0.747965,
      3.0,
      -0.133454,
      -1.162586,
      -0.536241,
      0.72402,
      -0.470752,
      0.11836,
      0.001259,
      0.063825,
      -1.068396,
      0.811503,
      1.01451
    ],
    "normal_series": [
      -0.101312,
      0.337819,
      0.026385,
      0.5207,
      0.228075,
      0.329477,
      -0.03125,
      0.761367,
      0.987703,
      0.328894,
      1.256801,
      -1.571223,
      -0.057082,
      -0.387921,
      0.423118,
      -0.064042,
      -0.164422,
      -0.906419,
      -1.029336,
      0.662079,
      -0.363734,
      1.277905,
      -0.169799,
      -1.005777,
      -0.032824,
      0.00513,
      -0.547165,
      -0.401858,
      -0.128267,
      -0.509093,
      -0.499092,
      1.135433,
      1.631276,
      0.183818,
      -0.665433,
      -0.248151,
      -1.147557,
      -0.970145,
      0.275698,
      0.492766,
      -0.140795,
      -0.540709,
      -0.592256,
      -0.618022,
      0.273402,
      0.69855,
      -1.123263,
      -0.325589,
      0.879637,
      0.403554,
      -0.776149,
      0.929616,
      0.402843,
      0.108037,
      -0.030783,
      -0.587867,
      0.470588,
      -1.153777,
      0.053896,
      -1.345305,
      -0.299483,
      -0.944736,
      0.237988,
      0.323652,
      0.724417,
      0.747965,
      3.0,
      -0.133454,
      -1.162586,
      -0.536241,
      0.72402,
      -0.470752,
      0.11836,
      0.001259,
      0.063825,
      -1.068396,
      0.811503,
      1.01451
    ]
  },
  "windows": [
    {
      "window_range": {
        "start": 55,
        "end": 70
      },
      "anomaly_descriptions": [],
      "question": "True or False: There is evidence of anomalous behavior within the time series window from step 55 to 70.",
      "answer": "False. The time series window from step 55 to 70 does not show evidence of anomalous behavior. While there is a noticeable spike at step 66 (value 3.00), it is not flagged as an anomaly, and the rest of the values fluctuate within a typical range for this series. The pattern overall exhibits normal variability with alternating positive and negative values, but no sustained irregularities, trends, or outliers that would indicate abnormal behavior. This suggests the series is behaving as expected within this window.",
      "question_type": "true_false",
      "has_anomaly": false
    },
    {
      "window_range": {
        "start": 22,
        "end": 48
      },
      "anomaly_descriptions": [],
      "question": "Which of the following best describes the pattern observed in the time series window from step 22 to 48, considering potential anomaly detection?\n\nA) The data in this window exhibits consistent normal behavior without any indications of anomalies.  \nB) A subtle, recurring fluctuation pattern suggests the onset of an anomaly within the window boundaries.  \nC) The window displays sudden spikes and drops, indicating the presence of multiple anomalies.  \nD) There is a gradual drift in values within the window, signaling a slowly evolving anomaly.",
      "answer": "A) The data in this window exhibits consistent normal behavior without any indications of anomalies.  \nExplanation: The current_value series fluctuates within a moderate range, showing typical short-term ups and downs expected in normal time series behavior. There are no abrupt spikes, prolonged trends, or irregular deviations that would signal an anomaly. The values remain relatively close to the normal_value reference, and the global context confirms no anomalies detected. This suggests the window represents stable, non-anomalous behavior.",
      "question_type": "multiple_choice",
      "has_anomaly": false
    }
  ]
}