{
  "sample_id": 129,
  "original_data": {
    "time_series": [
      1.01587,
      1.060779,
      0.99524,
      0.989416,
      2.294941,
      2.333899,
      2.217573,
      2.274979,
      2.202401,
      2.045639,
      2.209363,
      2.155401,
      1.052155,
      0.979378,
      1.056377,
      1.019799,
      1.012106,
      0.972006,
      0.991264,
      0.926159,
      0.969359,
      0.908368,
      0.902093,
      0.828861,
      0.887262,
      0.846634,
      0.780949,
      0.779875,
      0.798803,
      0.867285,
      0.781625,
      0.643999,
      0.728191,
      0.68083,
      0.613402,
      0.609086,
      0.546281,
      0.584985,
      0.613538,
      0.576679,
      0.470425,
      0.409831,
      0.440341,
      0.133717,
      0.318714,
      0.761396,
      0.450515,
      1.528329,
      1.715593,
      1.5248,
      1.386211,
      1.499817,
      1.228056,
      1.536809,
      1.493778,
      0.181164,
      -0.016718,
      -0.197866,
      0.292874,
      -0.02757,
      -0.682015,
      -0.359628,
      -0.00336,
      -0.443163,
      -0.519533,
      -0.724671,
      -0.714887,
      -0.409669,
      -0.327483,
      -0.484094,
      -0.97949,
      -0.779898,
      -0.981047,
      -0.739375,
      -1.20244,
      -1.058478,
      -0.659117,
      -1.010131,
      -0.88552,
      -1.00948,
      -1.170654,
      -1.422518,
      -1.544523,
      -1.169917,
      -1.620259,
      -1.272672,
      -1.75199,
      -1.301596,
      -1.719446,
      -1.880868,
      -0.605984,
      -0.726178,
      -0.887383,
      -0.648153,
      -0.897279,
      -0.845525,
      -1.21625,
      -0.974093,
      -2.559024,
      -2.277673,
      -2.438487,
      -2.878339,
      -2.66001,
      -2.803914,
      -3.0,
      -2.676247,
      -2.960605
    ],
    "normal_series": [
      1.01587,
      1.060779,
      0.99524,
      0.989416,
      2.294941,
      2.333899,
      2.217573,
      2.274979,
      2.202401,
      2.045639,
      2.209363,
      2.155401,
      1.052155,
      0.979378,
      1.056377,
      1.019799,
      1.012106,
      0.972006,
      0.991264,
      0.926159,
      0.969359,
      0.908368,
      0.902093,
      0.828861,
      0.887262,
      0.846634,
      0.780949,
      0.779875,
      0.798803,
      0.867285,
      0.781625,
      0.643999,
      0.728191,
      0.68083,
      0.613402,
      0.609086,
      0.546281,
      0.584985,
      0.613538,
      0.576679,
      0.470425,
      0.409831,
      0.440341,
      0.133717,
      0.318714,
      0.761396,
      0.450515,
      1.528329,
      1.715593,
      1.5248,
      1.386211,
      1.499817,
      1.228056,
      1.536809,
      1.493778,
      0.181164,
      -0.016718,
      -0.197866,
      0.292874,
      -0.02757,
      -0.682015,
      -0.359628,
      -0.00336,
      -0.443163,
      -0.519533,
      -0.724671,
      -0.714887,
      -0.409669,
      -0.327483,
      -0.484094,
      -0.97949,
      -0.779898,
      -0.981047,
      -0.739375,
      -1.20244,
      -1.058478,
      -0.659117,
      -1.010131,
      -0.88552,
      -1.00948,
      -1.170654,
      -1.422518,
      -1.544523,
      -1.169917,
      -1.620259,
      -1.272672,
      -1.75199,
      -1.301596,
      -1.719446,
      -1.880868,
      -0.605984,
      -0.726178,
      -0.887383,
      -0.648153,
      -0.897279,
      -0.845525,
      -1.21625,
      -0.974093,
      -2.559024,
      -2.277673,
      -2.438487,
      -2.878339,
      -2.66001,
      -2.803914,
      -3.0,
      -2.676247,
      -2.960605
    ]
  },
  "windows": [
    {
      "window_range": {
        "start": 1,
        "end": 17
      },
      "anomaly_descriptions": [],
      "question": "Given a time series window from step 1 to 17 that appears normal, which of the following best describes the most likely interpretation for anomaly detection within this window?\n\nA) The window contains multiple subtle anomalies that occur near both boundaries and are easily overlooked.  \nB) The window is unlikely to contain anomalies, as both the start and end exhibit consistent patterns typical of normal behavior.  \nC) The window likely includes an abrupt shift at the start that is masked by subsequent normal values.  \nD) The window demonstrates periodic anomalies that disrupt the normal trend at irregular intervals.",
      "answer": "B) The window is unlikely to contain anomalies, as both the start and end exhibit consistent patterns typical of normal behavior.  \nExplanation: The current_value data shows two stable regions—initial low values (around 1.00), followed by a sustained higher plateau (around 2.20), and then a return to the initial lower range. There are no abrupt spikes, irregular fluctuations, or deviations from expected values. The transitions between regimes are smooth and align with the normal_value reference. This pattern indicates stable, expected behavior throughout the window, supporting the conclusion that no anomalies are present.",
      "question_type": "multiple_choice",
      "has_anomaly": false
    },
    {
      "window_range": {
        "start": 36,
        "end": 55
      },
      "anomaly_descriptions": [],
      "question": "True or False: There is no evidence of abnormal patterns or deviations indicative of anomalies within the time series window from step 36 to 55.",
      "answer": "True. The time series window from step 36 to 55 shows no evidence of abnormal patterns or deviations indicative of anomalies. The current values closely match the normal values at each step, and the series exhibits expected fluctuations, including a gradual increase, a dip, and subsequent higher values. These variations are consistent with normal behavior, and no unexpected spikes, abrupt drops, or irregularities are present. The pattern remains within typical bounds, supporting the absence of anomalies during this window.",
      "question_type": "true_false",
      "has_anomaly": false
    }
  ]
}