{
  "sample_id": 29,
  "original_data": {
    "time_series": [
      2.334716,
      2.282507,
      2.23111,
      2.179516,
      2.128082,
      2.075867,
      3.0,
      2.947645,
      2.898136,
      2.846327,
      2.799383,
      2.74898,
      2.695676,
      2.648078,
      2.597311,
      2.549372,
      2.49977,
      2.451441,
      1.427946,
      1.381447,
      1.334992,
      1.288888,
      1.240782,
      1.194696,
      1.150903,
      1.10578,
      1.06268,
      1.018369,
      0.974217,
      0.932525,
      0.889789,
      0.847092,
      0.808024,
      0.768408,
      0.727643,
      0.691734,
      0.650554,
      0.614197,
      0.578524,
      0.541194,
      0.506072,
      0.472371,
      0.437996,
      0.406072,
      0.372757,
      0.340852,
      0.310714,
      0.282637,
      0.252853,
      0.224861,
      0.198543,
      0.173068,
      0.145817,
      0.124874,
      0.099793,
      0.076738,
      0.055843,
      0.035907,
      0.016805,
      -0.003477,
      -0.017341,
      -0.035268,
      0.105952,
      -0.060427,
      -0.016698,
      -0.028118,
      -0.037389,
      -0.046595,
      -0.055768,
      -0.06272,
      -0.067488,
      -0.071416,
      -0.073751,
      -0.082379,
      -0.085454,
      -0.09187,
      0.882978,
      0.881052,
      0.876616,
      0.872406,
      1.435351,
      1.432117,
      1.42808,
      1.425972,
      1.424763,
      1.421527,
      1.417736,
      1.416079,
      1.412538,
      -0.254219,
      -0.256083,
      -0.25402,
      -0.251815,
      -0.248579,
      -0.244595,
      -0.238031,
      -0.232595,
      -0.233894,
      -0.234829,
      -0.236686,
      -0.281789,
      -0.163759,
      -0.165791,
      -0.173335,
      -0.171338,
      -0.195539,
      -0.189343,
      -0.192566,
      -0.204555,
      -0.201888,
      -0.205904,
      -0.210617,
      -0.210854,
      -0.170597,
      -0.173525,
      -0.175066,
      -0.179776,
      -0.179419,
      -0.182847,
      -0.184955,
      -0.187051,
      -0.190696,
      -0.192802,
      -0.196822,
      -0.198579,
      -0.203448,
      -0.207639,
      -0.21119,
      -0.216245,
      -0.218056,
      -0.220747,
      -0.226994,
      -0.23281,
      -0.235123,
      -0.241001,
      -0.248459,
      -0.257058,
      -0.268834,
      -0.279853,
      -0.291218,
      -0.30662,
      -0.320405,
      -0.337826,
      -0.35415,
      -0.37329,
      -0.392035,
      -0.412912,
      0.539024,
      0.516124,
      0.490827,
      0.466083,
      0.437281,
      0.408217,
      0.38048,
      0.349862,
      0.31978,
      0.285356,
      0.253497,
      0.21961,
      -0.804302,
      -0.871783,
      -0.962268,
      -1.079657,
      -1.213587,
      -1.372275,
      -1.414609,
      -1.065391,
      -1.016794,
      -0.976149,
      -0.941443,
      -0.924203,
      -0.92147,
      -0.938214,
      -1.375138,
      -1.420833,
      -1.47073,
      -1.518507,
      -1.57081,
      -1.616741,
      -1.667062,
      -1.718166,
      -1.770052,
      -1.8233,
      -1.874009,
      -1.92708,
      -1.981042,
      -2.033157,
      -2.088813,
      -2.145519,
      -2.198244,
      -2.253771,
      -2.31168,
      -2.364339,
      -2.421813,
      -2.478157,
      -2.536003,
      -2.591725,
      -2.64897,
      -2.706662,
      -2.764318,
      -2.822448,
      -2.880355,
      -2.939766
    ],
    "normal_series": [
      2.334716,
      2.282507,
      2.23111,
      2.179516,
      2.128082,
      2.075867,
      3.0,
      2.947645,
      2.898136,
      2.846327,
      2.799383,
      2.74898,
      2.695676,
      2.648078,
      2.597311,
      2.549372,
      2.49977,
      2.451441,
      1.427946,
      1.381447,
      1.334992,
      1.288888,
      1.240782,
      1.194696,
      1.150903,
      1.10578,
      1.06268,
      1.018369,
      0.974217,
      0.932525,
      0.889789,
      0.847092,
      0.808024,
      0.768408,
      0.727643,
      0.691734,
      0.650554,
      0.614197,
      0.578524,
      0.541194,
      0.506072,
      0.472371,
      0.437996,
      0.406072,
      0.372757,
      0.340852,
      0.310714,
      0.282637,
      0.252853,
      0.224861,
      0.198543,
      0.173068,
      0.145817,
      0.124874,
      0.099793,
      0.076738,
      0.055843,
      0.035907,
      0.016805,
      -0.003477,
      -0.017341,
      -0.035268,
      -0.050444,
      -0.060427,
      -0.075733,
      -0.028118,
      -0.037389,
      -0.046595,
      -0.055768,
      -0.06272,
      -0.067488,
      -0.071416,
      -0.073751,
      -0.082379,
      -0.085454,
      -0.09187,
      0.882978,
      0.881052,
      0.876616,
      0.872406,
      0.869634,
      0.8664,
      0.862362,
      0.860254,
      0.859046,
      0.855809,
      0.852019,
      0.850362,
      0.84682,
      -0.128709,
      -0.132326,
      -0.133183,
      -0.135067,
      -0.137088,
      -0.139529,
      -0.140558,
      -0.143884,
      -0.145183,
      -0.146118,
      -0.147975,
      -0.149068,
      -0.149033,
      -0.152652,
      -0.15288,
      -0.155889,
      -0.156185,
      -0.15917,
      -0.161756,
      -0.160545,
      -0.16296,
      -0.164736,
      -0.167705,
      -0.168529,
      -0.170597,
      -0.173525,
      -0.175066,
      -0.179776,
      -0.179419,
      -0.182847,
      -0.184955,
      -0.187051,
      -0.190696,
      -0.192802,
      -0.196822,
      -0.198579,
      -0.203448,
      -0.207639,
      -0.21119,
      -0.216245,
      -0.218056,
      -0.220747,
      -0.226994,
      -0.23281,
      -0.235123,
      -0.241001,
      -0.248459,
      -0.257058,
      -0.268834,
      -0.279853,
      -0.291218,
      -0.30662,
      -0.320405,
      -0.337826,
      -0.35415,
      -0.37329,
      -0.392035,
      -0.412912,
      0.539024,
      0.516124,
      0.490827,
      0.466083,
      0.437281,
      0.408217,
      0.38048,
      0.349862,
      0.31978,
      0.285356,
      0.253497,
      0.21961,
      -0.793458,
      -0.82841,
      -0.864677,
      -0.906162,
      -0.942501,
      -0.981911,
      -1.024245,
      -1.065391,
      -1.105892,
      -1.149877,
      -1.19109,
      -1.237251,
      -1.28222,
      -1.328578,
      -1.375138,
      -1.420833,
      -1.47073,
      -1.518507,
      -1.57081,
      -1.616741,
      -1.667062,
      -1.718166,
      -1.770052,
      -1.8233,
      -1.874009,
      -1.92708,
      -1.981042,
      -2.033157,
      -2.088813,
      -2.145519,
      -2.198244,
      -2.253771,
      -2.31168,
      -2.364339,
      -2.421813,
      -2.478157,
      -2.536003,
      -2.591725,
      -2.64897,
      -2.706662,
      -2.764318,
      -2.822448,
      -2.880355,
      -2.939766
    ]
  },
  "windows": [
    {
      "window_range": {
        "start": 88,
        "end": 111
      },
      "anomaly_descriptions": [
        "A local wide upward spike anomaly, with amplitude 0.94"
      ],
      "question": "How would you analyze the segment between steps 88 and 111 for potential anomalies, considering the patterns near the start and end of the window, and what evidence would you use to support the detection of any unusual upward trends?",
      "answer": "A. The segment displays a clear local upward spike anomaly at the start (step 88), where the current_value jumps sharply to 1.41 compared to the normal_value of 0.85—an amplitude deviation of 0.94. This spike is immediately followed by a rapid return to stable, slightly negative values (around -0.25 to -0.21), which closely track the normal_value and show little variability. The sharp, isolated increase at the window's start, with no similar pattern elsewhere in the segment, is strong evidence of a significant, but short-lived, upward anomaly. The remainder of the window exhibits stability, indicating the anomaly is localized and does not persist or affect the overall trend.",
      "question_type": "open_ended",