{
  "sample_id": 104,
  "original_data": {
    "time_series": [
      2.619836,
      2.655095,
      2.554102,
      2.54246,
      2.427605,
      2.351151,
      2.358691,
      2.272523,
      2.240785,
      2.107214,
      2.056551,
      1.787395,
      2.001672,
      1.899792,
      1.929186,
      1.994053,
      2.23537,
      2.229699,
      2.207029,
      2.301441,
      2.423399,
      2.538466,
      2.388032,
      2.441132,
      2.502092,
      2.393862,
      2.488089,
      2.336317,
      2.229433,
      1.990519,
      2.245377,
      2.209187,
      2.073925,
      2.103905,
      2.096902,
      1.886045,
      1.935139,
      1.979756,
      1.985954,
      1.955263,
      1.988158,
      1.730912,
      1.714901,
      1.659335,
      1.580176,
      1.55102,
      1.380327,
      1.370398,
      1.365926,
      1.414852,
      1.297239,
      1.466004,
      1.344665,
      1.685266,
      1.682599,
      1.728114,
      1.821592,
      1.744393,
      1.938528,
      1.906918,
      1.941091,
      1.900587,
      1.755337,
      1.699461,
      1.668908,
      1.778701,
      1.492273,
      1.535543,
      1.517519,
      1.420399,
      1.484543,
      1.45793,
      1.490021,
      1.395705,
      1.357773,
      1.28609,
      1.104711,
      1.279346,
      1.187172,
      1.019739,
      0.949858,
      0.813181,
      0.877105,
      0.831114,
      0.785705,
      0.748912,
      0.780792,
      0.765925,
      0.776411,
      0.895506,
      1.12966,
      1.21992,
      1.214517,
      1.236507,
      1.305004,
      1.183757,
      1.249994,
      1.220994,
      1.173853,
      1.089365,
      1.06831,
      1.040098,
      0.977657,
      0.72779,
      0.842953,
      0.853643,
      0.787425,
      0.807385,
      0.614931,
      0.731632,
      0.726542,
      0.763817,
      0.585021,
      0.600153,
      0.622856,
      -0.171865,
      -0.134666,
      0.269527,
      0.149693,
      0.345601,
      0.150977,
      0.008959,
      0.224878,
      0.185778,
      0.395782,
      0.293921,
      0.421653,
      0.579521,
      0.630144,
      0.628073,
      0.627134,
      0.688927,
      0.592184,
      0.471877,
      0.614162,
      0.458443,
      0.41492,
      0.475764,
      0.262895,
      0.30587,
      0.320213,
      0.224099,
      0.332241,
      0.32276,
      0.147816,
      0.120302,
      0.215328,
      0.128215,
      0.063775,
      0.057088,
      -0.123322,
      -0.248165,
      -0.237543,
      -0.302055,
      -0.348489,
      -0.508257,
      -0.652836,
      -0.36761,
      -0.468246,
      -0.39357,
      -0.365143,
      -0.319765,
      -0.156572,
      -0.274255,
      -0.037532,
      -0.081975,
      0.029748,
      0.010969,
      0.051765,
      -0.19391,
      0.006282,
      -0.150789,
      -0.167222,
      -0.243305,
      -0.200124,
      -0.323262,
      -0.325681,
      -0.430694,
      -0.40374,
      -0.44416,
      -0.412645,
      -0.473139,
      -0.524058,
      -0.546158,
      -0.492565,
      -0.539591,
      -0.773704,
      -0.737258,
      -0.842905,
      -0.937858,
      -0.929081,
      -1.195234,
      -1.12923,
      -1.103269,
      -1.131834,
      -1.008145,
      -1.001008,
      -0.968903,
      -0.900723,
      -0.838196,
      -0.737269,
      -0.664997,
      -0.713515,
      -0.631816,
      -0.48754,
      -0.533594,
      -0.657979,
      -0.764351,
      -0.719875,
      -0.794204,
      -0.86852,
      -1.067595,
      -1.150669,
      -0.89106,
      -1.134329,
      -1.063009,
      -1.116823,
      -0.975012,
      -1.021301,
      -1.017652,
      -1.156099,
      -1.330925,
      -1.198174,
      -1.349744,
      -1.419821,
      -1.463155,
      -1.67701,
      -1.581933,
      -1.769068,
      -1.450307,
      -1.663138,
      -1.623894,
      -1.570382,
      -1.423091,
      -1.605511,
      -1.50645,
      -1.263761,
      -1.399212,
      -1.119076,
      -1.057258,
      -1.117553,
      -1.309664,
      -1.150901,
      -1.509211,
      -1.306702,
      -1.325218,
      -1.76197,
      -1.413694,
      -1.58391,
      -1.559069,
      -1.569683,
      -1.769596,
      -1.682667,
      -1.612106,
      -1.579655,
      -1.85577,
      -1.796177,
      -1.876688,
      -1.902009,
      -1.959668,
      -2.223102,
      -2.175152,
      -2.28737,
      -2.230755,
      -2.258665,
      -2.290393,
      -2.30204,
      -2.214483,
      -2.146846,
      -2.120422,
      -2.148934,
      -2.039715,
      -1.983549,
      -1.878669,
      -1.95258,
      -1.820038,
      -1.90565,
      -1.956629,
      -1.82664,
      -2.02534,
      -2.058208,
      -2.079883,
      -2.182403,
      -2.198163,
      -2.236355,
      -2.138286,
      -2.306732,
      -2.179212,
      -2.341177,
      -2.282607,
      -2.298991,
      -2.305683,
      -2.452375,
      -2.422002,
      -2.641501,
      -2.507786,
      -2.650111,
      -2.747625,
      -2.812199,
      -2.874632,
      -3.0
    ],