{
  "sample_id": 38,
  "original_data": {
    "time_series": [
      -2.253341,
      -2.27244,
      -2.324228,
      -2.401627,
      -2.51175,
      -2.627234,
      -2.750465,
      -2.848635,
      -2.938584,
      -2.989159,
      -2.999072,
      -3.0,
      -2.970786,
      -2.925013,
      -2.881984,
      -2.81399,
      -2.780739,
      -2.734041,
      -2.659935,
      -2.5973,
      -2.487963,
      -2.394774,
      -2.263253,
      -2.130471,
      -1.969457,
      -1.81729,
      -1.69343,
      -1.589837,
      -1.524339,
      -1.517021,
      -1.530305,
      -1.565526,
      -1.601339,
      -1.666758,
      -1.691339,
      -1.675737,
      -1.636012,
      -1.560509,
      -1.444655,
      -1.338676,
      -1.224075,
      -1.14107,
      -1.072427,
      -1.051137,
      -1.065084,
      -1.110774,
      -1.178263,
      -1.260676,
      -1.332132,
      -1.373746,
      -1.44074,
      -1.445485,
      -1.425588,
      -1.397001,
      -1.360321,
      -1.331076,
      -1.313553,
      -1.299412,
      -1.320375,
      -1.328551,
      -1.380719,
      -1.384443,
      -1.431802,
      -1.448956,
      -1.47208,
      -1.488312,
      -1.490358,
      -1.485628,
      -1.493712,
      -1.494403,
      -1.487125,
      -1.470484,
      -1.442557,
      -1.394575,
      -1.347418,
      -1.293241,
      -1.245797,
      -1.186634,
      -1.200713,
      -1.199855,
      -1.222229,
      -1.295009,
      -1.453083,
      -1.633659,
      -1.739208,
      -1.730914,
      -1.826028,
      -1.891812,
      -1.94658,
      -1.969248,
      -1.940257,
      -1.924943,
      -1.88421,
      -1.812424,
      -1.779758,
      -1.732996,
      -1.675939,
      -1.614325,
      -1.547715,
      -1.447599,
      -1.346671,
      -1.199299,
      -1.051149,
      -0.906477,
      -0.768324,
      -0.661367,
      -0.577898,
      -0.533884,
      -0.518,
      -0.54281,
      -0.613291,
      -0.663714,
      -0.710021,
      -0.727646,
      -0.703678,
      -0.660134,
      -0.567509,
      -0.468211,
      -0.347673,
      -0.237872,
      -0.161941,
      -0.124618,
      -0.120395,
      -0.148579,
      -0.206881,
      -0.274496,
      -0.35525,
      -0.429138,
      -0.484882,
      -0.49685,
      -0.512947,
      -0.486273,
      -0.474188,
      -0.442007,
      -0.414134,
      -0.403026,
      -0.398531,
      -0.402461,
      -0.442234,
      -0.474943,
      -0.501513,
      -0.527248,
      -0.55451,
      -0.584121,
      -0.596527,
      -0.607303,
      -0.613325,
      -0.60877,
      -0.593262,
      -0.5953,
      -0.557555,
      -0.541832,
      -0.496844,
      -0.444532,
      -0.398751,
      -0.344479,
      -0.320844,
      -0.302429,
      -0.326494,
      -0.380621,
      -0.457991,
      -0.566407,
      -0.68752,
      -0.801241,
      -0.911355,
      -1.019759,
      -1.065503,
      -1.11863,
      -1.11227,
      -1.105152,
      -1.056276,
      -1.018327,
      -0.973999,
      -0.921436,
      -0.879347,
      -0.834913,
      -0.760972,
      -0.695445,
      -0.578694,
      -0.459927,
      -0.330929,
      -0.197928,
      -0.319554,
      -0.429292,
      -0.529285,
      -0.554845,
      -0.573441,
      -0.543129,
      -0.481103,
      -0.40618,
      -0.334513,
      -0.278101,
      -0.26046,
      -0.270533,
      -0.304842,
      -0.376996,
      -0.475559,
      -0.584889,
      -0.652152,
      -0.688763,
      -0.702932,
      -0.668845,
      -0.619788,
      -0.545567,
      -0.429436,
      -0.34131,
      -0.255622,
      -0.187449,
      -0.15251,
      -0.132903,
      -0.1321,
      -0.154982,
      -0.147105,
      -0.170622,
      -0.164707,
      -0.122086,
      -0.10563,
      -0.051772,
      0.240008,
      0.214455,
      0.180863,
      0.16134,
      0.120963,
      0.107768,
      0.26717,
      0.395105,
      0.39578,
      0.393973,
      0.418102,
      0.434282,
      0.475418,
      0.505279,
      0.56196,
      0.606606,
      0.654002,
      0.676246,
      0.661808,
      0.631213,
      0.557764,
      0.337059,
      0.224507,
      0.090769,
      -0.017973,
      -0.115208,
      -0.177924,
      -0.206878,
      -0.204827,
      -0.182104,
      -0.141861,
      -0.100409,
      -0.052526,
      -0.003197,
      0.052659,
      0.088197,
      0.159417,
      0.233439,
      0.334249,
      0.457962,
      0.605792,
      0.748752,
      0.900259,
      1.022051,
      1.110793,
      1.166126,
      1.169112,
      1.154312,
      1.111746,
      1.042074,
      0.992746,
      0.954485,
      0.958754,
      0.990971,
      1.048959,
      1.159247,
      1.262883,
      1.384745,
      1.476143,
      1.533962,
      1.558395,
      1.532936,
      1.486272,
      1.409082,
      1.307783,
      1.22462,
      1.170664,
      1.118677,
      1.098648,
      1.099459,
      1.122163,
      0.847329,
      0.753476,
      0.69148,
      0.598704,
      0.899342,
      0.879232,
      0.867258,
      0.82267,
      0.778396,
      0.742797,
      0.697436,
      0.67979,
      0.650476,
      0.63095,
      0.644592,
      0.617343,
      0.627749,
      0.618934,
      0.644794,
      0.644884,
      0.685681,
      0.731728,
      0.774317,
      0.838991,
      0.841133,
      0.856548,
      0.859966,
      0.770019,
      0.673151,
      0.584136,
      0.486396,
      0.351512,
      0.2299,
      0.116255,
      0.055361,
      0.00326,
      -0.023669,
      -0.003043,
      0.002218,
      0.07527,
      0.096992,
      0.14853,
      0.190911,
      0.218476,
      0.310357,
      0.364078,
      0.449815,
      0.585395,
      0.71566,
      0.852767,
      1.000478,
      1.150518,
      1.195895,
      1.304672,
      1.306761,
      1.304593,
      1.250953,
      1.213741,
      1.144953,
      1.11622,
      1.094971,
      1.095546,
      1.178054,
      1.252716,
      1.367511,
      1.461756,
      1.56613,
      1.611906,
      1.674128,
      1.643435,
      1.643896,
      1.545031,
      1.450921,
      1.373857,
      1.295649,
      1.211626,
      1.190237,
      1.210789,
      1.21027,
      1.233166,
      1.250075,
      1.250889,
      1.289243,
      1.264051,
      1.215196,
      1.203564,
      1.155734,
      1.108314,
      1.045738,
      1.037819,
      0.992371,
      0.993282,
      0.972886,
      0.955894,
      0.963904,
      0.96832,
      0.956965,
      0.944979,
      0.958911,
      1.0207,
      1.073022,
      1.087588,
      1.128375,
      1.157704,
      1.137453,
      1.114097,
      1.091014,
      0.953163,
      0.849903,
      0.722307,
      0.561695,
      0.453027,
      0.366384,
      0.286142,
      0.263178,
      0.257221,
      0.265231,
      0.309019,
      0.347797,
      0.397362,
      0.438918,
      0.478924,
      0.53443,
      0.622516,
      0.646857,
      0.753715,
      0.857719,
      1.033195,
      1.145253,
      1.294697,
      1.422525,
      1.504175,
      1.541602,
      1.554675,
      1.532073,
      1.48469,
      1.439055,
      1.339875,
      1.334319,
      1.343111,
      1.331195,
      1.409839,
      1.499566,
      1.609346,
      1.713476,
      1.798421,
      1.856278,
      1.859403,
      1.81375,
      1.75846,
      1.69601,
      1.595476,
      1.518497,
      1.45216,
      1.403857,
      1.368705,
      1.374981,
      1.396158,
      1.402918,
      1.398864,
      1.439229,
      1.443969,
      1.433283,
      1.386861,
      1.332121,
      1.301204,
      1.262101,
      1.229368,
      1.17455,
      1.151203,
      1.138918,
      1.090504,
      1.125828,
      1.114841,
      1.113433,
      1.092016,
      1.12713,
      1.145582,
      1.178486,
      1.239016,
      1.277261,
      1.289883,
      1.294621,
      1.2592,
      1.241412,
      1.159151,
      1.036235,
      0.920894,
      0.786502,
      0.664137,
      0.537624,
      0.467245,
      0.419324,
      0.384287,
      0.390117
    ],