{
  "sample_id": 42,
  "original_data": {
    "time_series": [
      -0.802207,
      -0.702678,
      -0.625772,
      -0.549706,
      -0.458781,
      -0.365731,
      -0.280474,
      -0.194006,
      -0.116745,
      -0.042456,
      0.034241,
      0.085197,
      0.15339,
      0.199839,
      0.268439,
      0.33413,
      0.380084,
      0.448051,
      0.493265,
      0.552099,
      0.596605,
      0.654662,
      0.696591,
      0.736425,
      0.774624,
      0.81826,
      0.858125,
      0.898902,
      0.940115,
      0.974255,
      1.001726,
      1.042282,
      1.07734,
      1.100583,
      1.133677,
      1.14356,
      1.161417,
      1.180082,
      1.203443,
      1.208317,
      1.218309,
      1.250129,
      1.269004,
      1.28089,
      1.29284,
      1.308185,
      1.31454,
      1.317953,
      1.322706,
      1.321999,
      1.329307,
      1.328976,
      1.347233,
      1.344785,
      1.349745,
      1.339857,
      1.523531,
      1.307475,
      1.310649,
      1.28994,
      1.263905,
      1.224613,
      1.190189,
      1.138326,
      1.088333,
      1.030672,
      0.969093,
      0.89694,
      0.820478,
      0.741131,
      0.65553,
      0.561765,
      0.466235,
      0.371231,
      0.276457,
      0.177685,
      0.069463,
      -0.034782,
      -0.142279,
      -0.24499,
      -0.35366,
      -0.457267,
      -0.568765,
      -0.674133,
      -0.780158,
      -0.889313,
      -0.999492,
      -1.118629,
      -1.231411,
      -1.343716,
      -1.446352,
      -1.557948,
      -1.658092,
      -1.762017,
      -1.858232,
      -1.953811,
      -2.044134,
      -2.134806,
      -2.226064,
      -2.311192,
      -2.391945,
      -2.470173,
      -2.543583,
      -2.611061,
      -2.672679,
      -2.731751,
      -2.784269,
      -2.831267,
      -2.875175,
      -2.917555,
      -2.949085,
      -2.971539,
      -2.991573,
      -3.0,
      -2.99781,
      -2.996689,
      -2.983441,
      -2.97947,
      -2.95467,
      -2.931103,
      -2.907325,
      -2.871528,
      -2.826504,
      -2.782225,
      -2.736457,
      -2.681564,
      -2.62693,
      -2.564301,
      -2.504711,
      -2.435218,
      -2.370582,
      -2.299479,
      -2.228405,
      -2.14991,
      -2.071605,
      -1.989367,
      -1.897283,
      -1.817947,
      -1.721968,
      -1.631452,
      -1.547317,
      -1.461128,
      -1.364832,
      -1.279975,
      -1.186657,
      -1.099584,
      -1.000439,
      -0.911969,
      -0.816208,
      -0.716904,
      -0.630439,
      -0.542213,
      -0.453187,
      -0.363014,
      -0.273616,
      -0.190028,
      -0.110985,
      -0.032504,
      0.0453,
      0.124969,
      0.187188,
      0.261169,
      0.335862,
      0.396597,
      0.461471,
      0.514558,
      0.568148,
      0.741002,
      0.65681,
      0.694339,
      0.733381,
      0.771655,
      0.804842,
      0.823625,
      0.842034,
      0.862553,
      0.874165,
      0.894948,
      0.910389,
      0.927317,
      0.953403,
      0.963388,
      0.983024,
      0.996253,
      1.01765,
      1.029578,
      1.046872,
      1.059379,
      1.084024,
      1.09783,
      1.115578,
      1.129692,
      1.148709,
      1.163354,
      1.177441,
      1.195682,
      1.210028,
      1.222544,
      1.237785,
      1.246831,
      1.263277,
      1.273716,
      1.284106,
      1.292257,
      1.309261,
      1.321528,
      1.325904,
      1.33772,
      1.343613,
      1.353944,
      1.372206,
      1.382257,
      1.385892,
      1.409158,
      1.414371,
      1.422847,
      1.432963,
      1.436523,
      1.446775,
      1.452394,
      1.45825,
      1.468912,
      1.468813,
      1.477625,
      1.478878,
      1.48985,
      1.488961,
      1.492962,
      1.495913,
      1.502638,
      1.505663,
      1.510631,
      1.506693,
      1.511695,
      1.508061,
      1.50492,
      1.508026
    ],
    "normal_series": [
      -0.802207,
      -0.702678,
      -0.625772,
      -0.549706,
      -0.458781,
      -0.365731,
      -0.280474,
      -0.194006,
      -0.116745,
      -0.042456,
      0.034241,
      0.085197,
      0.15339,
      0.199839,
      0.268439,
      0.33413,
      0.380084,
      0.448051,
      0.493265,
      0.552099,
      0.596605,
      0.654662,
      0.696591,
      0.736425,
      0.774624,
      0.81826,
      0.858125,
      0.898902,
      0.940115,
      0.974255,
      1.001726,
      1.042282,
      1.07734,
      1.100583,
      1.133677,
      1.14356,
      1.161417,
      1.180082,
      1.203443,
      1.208317,
      1.218309,
      1.250129,
      1.269004,
      1.28089,
      1.29284,
      1.308185,
      1.31454,
      1.317953,
      1.322706,
      1.321999,
      1.329307,
      1.328976,
      1.347233,
      1.344785,
      1.349745,
      1.339857,
      1.338892,
      1.307475,
      1.293455,
      1.257575,
      1.218392,
      1.167975,
      1.124448,
      1.065505,
      1.010455,
      0.94976,
      0.969093,
      0.89694,
      0.820478,
      0.741131,
      0.65553,
      0.561765,
      0.466235,
      0.371231,
      0.276457,
      0.177685,
      0.069463,
      -0.034782,
      -0.142279,
      -0.24499,
      -0.35366,
      -0.457267,
      -0.568765,
      -0.674133,
      -0.780158,
      -0.889313,
      -0.999492,
      -1.118629,
      -1.231411,
      -1.343716,
      -1.446352,
      -1.557948,
      -1.658092,
      -1.762017,
      -1.858232,
      -1.953811,
      -2.044134,
      -2.134806,
      -2.226064,
      -2.311192,
      -2.391945,
      -2.470173,
      -2.543583,
      -2.611061,
      -2.672679,
      -2.731751,
      -2.784269,
      -2.831267,
      -2.875175,
      -2.917555,
      -2.949085,
      -2.971539,
      -2.991573,
      -3.0,
      -2.99781,
      -2.996689,
      -2.983441,
      -2.97947,
      -2.95467,
      -2.931103,
      -2.907325,
      -2.871528,
      -2.826504,
      -2.782225,
      -2.736457,
      -2.681564,
      -2.62693,
      -2.564301,
      -2.504711,
      -2.435218,
      -2.370582,
      -2.299479,
      -2.228405,
      -2.14991,
      -2.071605,
      -1.989367,
      -1.897283,
      -1.817947,
      -1.721968,
      -1.631452,
      -1.547317,
      -1.461128,
      -1.364832,
      -1.279975,
      -1.186657,
      -1.099584,
      -1.000439,
      -0.911969,
      -0.816208,
      -0.716904,
      -0.630439,
      -0.542213,
      -0.453187,
      -0.363014,
      -0.273616,
      -0.190028,
      -0.110985,
      -0.032504,
      0.0453,
      0.124969,
      0.187188,
      0.261169,
      0.335862,
      0.396597,
      0.461471,
      0.514558,
      0.568148,
      0.622314,
      0.65681,
      0.694339,
      0.733381,
      0.771655,
      0.804842,
      0.823625,
      0.842034,
      0.862553,
      0.874165,
      0.894948,
      0.910389,
      0.927317,
      0.953403,
      0.963388,
      0.983024,
      0.996253,
      1.01765,
      1.029578,
      1.046872,
      1.059379,
      1.084024,
      1.09783,
      1.115578,
      1.129692,
      1.148709,
      1.163354,
      1.177441,
      1.195682,
      1.210028,
      1.222544,
      1.237785,
      1.246831,
      1.263277,
      1.273716,
      1.284106,
      1.292257,
      1.309261,
      1.321528,
      1.325904,
      1.33772,
      1.343613,
      1.353944,
      1.372206,
      1.382257,
      1.385892,
      1.409158,
      1.414371,
      1.422847,
      1.432963,
      1.436523,
      1.446775,
      1.452394,
      1.45825,
      1.468912,
      1.468813,
      1.477625,
      1.478878,
      1.48985,
      1.488961,
      1.492962,
      1.495913,
      1.502638,
      1.505663,
      1.510631,
      1.506693,
      1.511695,
      1.508061,
      1.50492,
      1.508026
    ]
  },
  "windows": [
    {
      "window_range": {
        "start": 79,
        "end": 101
      },
      "anomaly_descriptions": [],