{
  "sample_id": 14,
  "original_data": {
    "time_series": [
      -0.277006,
      1.58549,
      -0.538461,
      -0.23965,
      1.011248,
      -0.217989,
      -0.026045,
      1.986669,
      0.448322,
      -0.702256,
      0.692951,
      1.566458,
      0.311867,
      1.636415,
      0.017479,
      -0.074789,
      -0.259069,
      -2.03919,
      -0.040892,
      -0.168102,
      -1.074866,
      -3.0,
      1.149662,
      -0.319489,
      -0.551228,
      -0.931535,
      -0.169604,
      0.810151,
      1.419301,
      -0.666416,
      0.612789,
      -0.49189,
      -1.0096,
      1.315694,
      0.141871,
      -0.024465,
      1.687235,
      -0.328514,
      -0.57095,
      1.065079,
      -0.054536,
      1.191073,
      0.347074,
      0.545405,
      -1.560056,
      -0.104586,
      -0.756123,
      -0.267082,
      0.32932,
      -0.696677,
      0.678805,
      0.056019,
      1.034872,
      0.684217,
      1.221976,
      -0.811081,
      -0.168579,
      0.561185,
      1.28686,
      -1.617663,
      0.434399,
      -0.917887,
      -1.758323,
      0.320317,
      -1.79408,
      -0.737434,
      1.84689,
      -0.766062,
      -0.418403,
      -1.127409,
      1.884841,
      0.616605,
      -0.16153,
      0.882616,
      -1.814422,
      0.765249,
      -0.226893,
      0.371115,
      0.63897,
      1.414197,
      -0.498264,
      -0.233493,
      -0.695382,
      -1.034471,
      -0.23562,
      -1.169258,
      0.170498,
      -0.88895,
      -0.479506,
      1.506195,
      -0.17581,
      0.577162,
      0.691055,
      -0.807569,
      1.17313,
      0.257657,
      0.514631,
      1.389575,
      -0.4672,
      1.078728,
      -1.304474,
      0.904348,
      0.921694,
      -1.797134,
      0.330842,
      0.2911,
      -0.386744,
      -1.076092,
      0.429688,
      -0.431549,
      -0.565254,
      1.346676,
      0.088407,
      1.473953,
      -0.184895,
      -0.968832,
      -0.426181,
      -2.061046,
      -0.07871,
      1.130303,
      -0.076727,
      -0.301869,
      -0.758128,
      -0.227508,
      0.336615,
      -1.096423,
      -0.065938,
      0.330772,
      0.427589,
      0.885934,
      0.550936,
      -0.591269,
      -0.648645,
      0.235662,
      -1.169323,
      0.032774,
      -1.168312,
      0.609275,
      0.493413,
      0.335928,
      -0.164906,
      -0.396747,
      0.34407,
      -0.47905,
      0.165018,
      0.16618,
      -0.072128,
      -0.102946,
      0.044681,
      0.135769,
      -0.335485,
      -0.452713,
      -0.082098,
      -0.284254,
      -0.202776,
      0.662331,
      0.24076,
      0.143933,
      -0.17373,
      -0.033543,
      0.147532,
      -0.156391,
      -0.48708,
      0.56425,
      -0.15463,
      -0.044828,
      -0.432169,
      0.19637,
      -0.595194,
      0.243065,
      0.070206,
      0.116339,
      -0.086902,
      -0.083778,
      0.042135,
      0.286338,
      -0.131741,
      -0.003353,
      0.258472,
      -0.149892,
      0.613101,
      -0.216764,
      0.079849,
      0.184954,
      0.224736,
      -0.517345,
      -0.283774,
      -0.20546,
      0.068112,
      -0.21393,
      0.108409,
      -0.168111,
      0.071289
    ],
    "normal_series": [
      -0.277006,
      1.58549,
      -0.538461,
      -0.23965,
      1.011248,
      -0.217989,
      -0.026045,
      1.986669,
      0.448322,
      -0.702256,
      0.690769,
      1.564277,
      0.311867,
      1.636415,
      0.017479,
      -0.074789,
      -0.259069,
      -2.03919,
      -0.040892,
      -0.168102,
      -1.074359,
      -2.999896,
      1.149568,
      -0.319489,
      -0.550895,
      -0.930802,
      -0.168606,
      0.811131,
      1.419966,
      -0.666239,
      0.612513,
      -0.492389,
      -1.009998,
      1.315667,
      0.142312,
      -0.023676,
      1.688088,
      -0.32791,
      -0.570795,
      1.064788,
      -0.055071,
      1.190596,
      0.346911,
      0.545646,
      -1.559535,
      -0.104065,
      -0.755909,
      -0.26841,
      0.326483,
      -0.700775,
      0.673808,
      0.050448,
      1.028881,
      0.677735,
      1.214761,
      -0.819312,
      -0.177995,
      0.550632,
      1.275444,
      -1.629538,
      0.422451,
      -0.92968,
      -1.769956,
      0.308664,
      -1.80599,
      -0.749707,
      1.837376,
      -0.766325,
      -0.418598,
      -1.127409,
      1.884841,
      0.616605,
      -0.16153,
      0.882616,
      -1.814422,
      0.765249,
      -0.226893,
      0.371115,
      0.63897,
      1.414197,
      -0.498264,
      -0.233493,
      -0.695382,
      -1.034471,
      -0.23562,
      -1.169258,
      0.170498,
      -0.88895,
      -0.479506,
      1.506195,
      -0.17581,
      0.576138,
      0.686956,
      -0.816793,
      1.156732,
      0.24126,
      0.501718,
      1.379736,
      -0.474374,
      1.073809,
      -1.307548,
      0.902708,
      0.921079,
      -1.797134,
      0.330842,
      0.2911,
      -0.386744,
      -1.076092,
      0.429688,
      -0.431549,
      -0.565254,
      1.346676,
      0.088407,
      1.473953,
      -0.184895,
      -0.968832,
      -0.426181,
      -2.061046,
      -0.07871,
      1.130303,
      -0.076727,
      -0.301869,
      -0.758128,
      -0.227508,
      0.336615,
      -1.096423,
      -0.065938,
      0.330772,
      0.427589,
      0.885934,
      0.550936,
      -0.591269,
      -0.648645,
      0.235662,
      -1.169323,
      0.032774,
      -1.168312,
      0.609275,
      0.493413,
      0.335928,
      -0.164906,
      -0.396747,
      0.34407,
      -0.47905,
      0.165018,
      0.16618,
      -0.072128,
      -0.102946,
      0.044681,
      0.135769,
      -0.335485,
      -0.452713,
      -0.082098,
      -0.284254,
      -0.202776,
      0.662331,
      0.24076,
      0.143933,
      -0.17373,
      -0.033543,
      0.147532,
      -0.156391,
      -0.48708,
      0.56425,
      -0.15463,
      -0.044828,
      -0.432169,
      0.19637,
      -0.595194,
      0.243065,
      0.070206,
      0.116339,
      -0.086902,
      -0.083778,
      0.042135,
      0.286338,
      -0.131741,
      -0.003353,
      0.258472,
      -0.149892,
      0.613101,
      -0.216764,
      0.079849,
      0.184954,
      0.224736,
      -0.517345,
      -0.283774,
      -0.20546,
      0.068112,
      -0.21393,
      0.108409,
      -0.168111,
      0.071289
    ]
  },
  "windows": [
    {
      "window_range": {
        "start": 43,
        "end": 70
      },
      "anomaly_descriptions": [
        "A local slow rise followed by rapid decline anomaly, with a rise amplitude of 6.15"
      ],
      "question": "Within the window from step 43 to 70, what features or evidence in the time series data would lead you to suspect the presence of an anomaly, and how would you differentiate between a slow, natural trend and an unusual rise-and-fall pattern confined by the window boundaries?",
      "answer": "A. The time series displays a distinct anomaly characterized by a gradual, local rise followed by a sharp, rapid decline. Evidence includes a sequence where values increase from 0.68 at step 51 to a peak of 1.85 at step 66, then quickly drop to -1.13 by step 70. This pattern—an extended, slow build-up (steps 51–66) with a sudden reversal—differs from natural trends, which typically show more consistent, gradual changes or cyclical behavior. The abrupt amplitude shift (rise amplitude 6.15) and the confined window of this rise-and-fall suggest an unusual, localized event rather than a broader trend. Such sharp reversals and amplitude swings are indicative of anomalies, impacting the series by introducing volatility and disrupting typical temporal continuity.",
      "question_type": "open_ended",
      "has_anomaly": true
    },
    {
      "window_range": {
        "start": 150,
        "end": 173
      },
      "anomaly_descriptions": [],