{
  "sample_id": 52,
  "original_data": {
    "time_series": [
      0.59592,
      3.0,
      2.997838,
      2.953435,
      2.861879,
      2.702349,
      2.533523,
      2.266066,
      2.011432,
      1.714441,
      1.389498,
      1.065855,
      0.765056,
      0.477507,
      0.190141,
      0.001927,
      -0.184742,
      -0.289976,
      -0.384698,
      -0.421983,
      -0.43748,
      -0.414737,
      -0.394574,
      -0.36357,
      -0.323794,
      -0.344092,
      -0.362476,
      -0.426098,
      -0.493391,
      -0.63489,
      -0.727737,
      -0.9009,
      -1.059393,
      -1.194898,
      -1.339764,
      -1.449974,
      -1.5201,
      -1.562964,
      -1.563424,
      -1.525053,
      -1.477175,
      -1.369587,
      -1.26263,
      -1.141937,
      -1.030689,
      -0.932098,
      -0.844583,
      -0.782975,
      -0.791457,
      -0.772239,
      -0.817239,
      -0.893328,
      -0.996774,
      -1.090131,
      -1.160056,
      -1.236175,
      -1.295224,
      -1.304506,
      -1.241296,
      -1.150164,
      -1.02529,
      -0.82074,
      -0.577352,
      -0.303525,
      -0.004116,
      0.340038,
      0.652915,
      0.965371,
      1.264859,
      1.517765,
      1.734135,
      1.893533,
      1.986303,
      2.026575,
      0.516157,
      0.716679,
      0.885851,
      1.040566,
      1.108436,
      1.128067,
      1.078708,
      1.025923,
      1.000446,
      0.994816,
      1.10233,
      1.237944,
      1.394013,
      1.534274,
      1.65925,
      1.661981,
      1.561251,
      1.363267,
      1.041812,
      0.717732,
      0.354274,
      0.054995,
      -0.106396,
      -0.126495,
      0.020745,
      0.273349,
      0.581566,
      0.924316,
      1.149001,
      1.280743,
      1.245386,
      1.063554,
      0.752106,
      0.354433,
      -0.069234,
      -0.489377,
      -0.878828,
      -1.158555,
      -1.372735,
      -1.504281,
      -1.588585,
      -1.677773,
      -1.754643,
      -1.864626,
      -2.003699,
      -2.170225,
      -2.344785,
      -2.501928,
      -2.63689,
      -2.743299,
      -2.774708,
      -2.806631,
      -2.743532,
      -2.648096,
      -2.45564,
      -2.260769,
      -1.979404,
      -1.579545,
      -1.115075,
      -0.582848,
      -0.061885,
      0.495649,
      0.959326,
      1.36397,
      1.606708,
      1.728105,
      1.675649,
      1.4868,
      1.209487,
      0.909082,
      0.607424,
      0.414854,
      0.277706,
      0.305496,
      0.423853,
      0.571425,
      0.769243,
      0.970003,
      1.089768,
      1.149368,
      1.160736,
      1.126586,
      1.063705,
      1.081819,
      1.12163,
      1.20338,
      1.355872,
      1.506071,
      1.638003,
      1.713074,
      1.673494,
      1.501021,
      1.232191,
      0.899434,
      0.546344,
      0.210875,
      -0.014093,
      -0.127735,
      -0.07599,
      0.130885,
      0.43587,
      0.751159,
      1.041775,
      1.236519,
      1.300463,
      1.197555,
      0.959564,
      0.597061,
      0.165208,
      -0.283791,
      -0.683951,
      -1.024877,
      -1.245607,
      -1.423999,
      -1.535453,
      -1.625105,
      -1.720213,
      -1.815931,
      -1.921812,
      -2.081556,
      -2.271333,
      -2.454358,
      -2.614517,
      -2.736039,
      -2.806438,
      -2.839285,
      -2.793388,
      -2.718392,
      -2.587503,
      -2.396547,
      -2.163667,
      -1.835615,
      -1.402029,
      -0.943801,
      -0.41283,
      0.145603,
      0.683313,
      1.148284,
      1.487737,
      1.688064,
      1.734725,
      1.656768,
      1.409628,
      1.096683,
      0.790393,
      0.527209,
      0.339585,
      0.302631,
      0.327644,
      0.465603,
      0.678253,
      0.86806,
      1.037122,
      1.135918,
      1.15215,
      1.123329,
      1.046245,
      1.026145,
      1.022616,
      1.054312,
      1.179741,
      1.365964,
      1.521508,
      1.651447,
      1.67233,
      1.622042,
      1.398909,
      1.14046,
      0.777345,
      0.412252,
      0.103026,
      -0.078227,
      -0.110798,
      0.001739,
      0.230298,
      0.563326,
      0.873835,
      1.153791,
      1.285505,
      1.293041,
      1.156098,
      0.837003,
      0.445593,
      0.010197,
      -0.384176,
      -0.78507,
      -1.076298,
      -1.287615,
      -1.435807,
      -1.569123,
      -1.616045,
      -1.71918,
      -1.868539,
      -2.003457,
      -2.174627,
      -2.374817,
      -2.557908
    ],