{
  "sample_id": 17,
  "original_data": {
    "time_series": [
      -0.792991,
      -0.769643,
      -0.813271,
      -0.769883,
      -0.795529,
      -0.785609,
      -0.779325,
      -0.780466,
      -0.793831,
      -0.797048,
      -0.775291,
      1.780506,
      1.819849,
      1.781796,
      1.80413,
      1.787513,
      1.804618,
      1.815544,
      1.797081,
      1.839971,
      1.817914,
      1.80977,
      1.815838,
      1.803397,
      -0.807324,
      -0.781504,
      -0.767693,
      -0.740115,
      -0.77278,
      -0.798861,
      -0.78281,
      -0.796004,
      -0.800113,
      -0.755521,
      -0.792258,
      -0.793492,
      -0.794253,
      -0.780073,
      -0.769251,
      -0.794107,
      -0.749802,
      -0.762053,
      -0.779687,
      -0.793168,
      -0.768094,
      -0.785896,
      -0.758394,
      -0.770637,
      -0.792218,
      0.482346,
      -0.647607,
      -0.752948,
      -0.863149,
      -0.92431,
      -1.068843,
      -1.150101,
      -1.269169,
      -1.200781,
      -1.159038,
      -1.338201,
      -1.360925,
      -1.427398,
      1.170614,
      1.204628,
      1.121872,
      1.059624,
      0.96768,
      0.947743,
      0.96432,
      0.966899,
      0.950868,
      0.965345,
      0.970067,
      0.951557,
      -1.607208,
      -1.628819,
      -1.614623,
      -1.616758,
      -1.635379,
      -1.602753,
      -1.588156,
      -1.617747,
      -1.628767,
      -1.608303,
      -1.621365,
      -1.586754,
      -1.630359,
      -1.601532,
      -1.615429,
      -1.598124,
      -1.600109,
      -1.602885,
      -1.602201,
      -1.615638,
      -1.598191,
      -1.61187,
      -1.617677,
      -1.618383,
      -1.625699,
      -1.613813,
      -1.584729,
      -1.631681,
      -1.582105,
      -1.60901,
      -1.581907,
      -1.598053,
      -1.575452,
      -1.597409,
      -1.593159,
      -1.562176,
      -1.574989,
      -1.576999,
      0.986399,
      1.021077,
      1.024619,
      1.001545,
      1.050849,
      1.003369,
      1.032356,
      1.020774,
      1.026893,
      1.014237,
      1.038647,
      1.039001,
      -1.533638,
      -1.570301,
      0.837808,
      -1.516651,
      -1.523246,
      -1.43991,
      -1.401215,
      -1.379508,
      -1.300612,
      -1.33025,
      -1.272739,
      -1.257429,
      -1.23414,
      -1.193645,
      -1.205846,
      -1.132657,
      -1.174867,
      -1.149855,
      -1.129944,
      -1.1327,
      -1.13837,
      -1.172208,
      -1.130938,
      -1.126515,
      -1.126467,
      -1.130365,
      -1.124915,
      -1.094916,
      -1.106273,
      -1.097063,
      -1.108288,
      -1.123622,
      -1.098484,
      -1.094053,
      -1.093086,
      -1.065282,
      -1.065088,
      -1.060891,
      1.548332,
      1.53684,
      1.529871,
      1.54323,
      1.531556,
      1.514825,
      1.508004,
      1.454671,
      1.327422,
      1.772098,
      1.223878,
      1.721241,
      1.538256,
      -1.035356,
      -1.135101,
      -0.753417,
      -1.17026,
      -1.371866,
      -1.03914,
      -1.129237,
      -0.78736,
      -1.202713,
      -1.55638,
      -0.625301,
      -0.805773,
      -0.971402,
      -1.000494,
      -0.769244,
      -0.946072,
      -0.652729,
      -1.097169,
      -1.032268,
      -0.875236,
      -0.874717,
      -0.86326,
      -0.82928,
      -0.867635,
      -0.824547,
      -0.81172,
      -0.768278,
      -0.81604,
      -0.756712,
      -0.741708,
      -0.739316,
      -0.73266,
      -0.70481,
      -0.707862,
      -0.661262,
      -0.682101,
      -0.654349,
      -0.639234,
      1.958582,
      1.947298,
      1.942908,
      2.016737,
      2.040948,
      2.053916,
      2.039249,
      2.050973,
      2.068395,
      2.0719,
      2.086519,
      2.157282,
      -0.485321,
      -0.435958,
      -0.404979,
      -0.401538,
      -0.389524,
      -0.387469,
      -0.360798,
      -0.347744,
      -0.350054,
      -0.301474,
      -0.309322,
      -0.313532,
      -0.265738,
      -0.28305,
      -0.232601,
      -0.234388,
      -0.192628,
      -0.19765,
      -0.184733,
      -0.140376,
      -0.14031,
      -0.145442,
      -0.109901,
      -0.121107,
      -0.132396,
      -0.089881,
      -0.101679,
      -0.051082,
      -0.033184,
      -0.046195,
      -0.033204,
      0.015779,
      -0.00824,
      -0.016483,
      0.020995,
      0.029796,
      0.026867,
      0.049227,
      2.624972,
      2.655074,
      2.656918,
      2.694495,
      2.669134,
      2.674141,
      2.686294,
      2.682292,
      2.689175,
      2.697194,
      2.69878,
      2.762875,
      0.15777,
      0.146476,
      0.148428,
      0.123567,
      0.157151,
      0.18323,
      0.177956,
      0.220441,
      0.195792,
      0.223544,
      0.214072,
      0.207949,
      0.223071,
      0.222577,
      0.199658,
      0.195297,
      0.253116,
      0.281508,
      0.282501,
      0.230705,
      0.295224,
      0.251414,
      0.278921,
      0.278482,
      0.267234,
      0.258718,
      0.282315,
      0.293311,
      0.28182,
      0.308546,
      0.319945,
      0.339808,
      0.311515,
      0.334254,
      0.325587,
      0.318163,
      0.357214,
      0.350213,
      2.95053,
      2.932348,
      2.934667,
      2.9622,
      2.958442,
      2.965016,
      2.963654,
      2.943246,
      2.957989,
      2.973846,
      3.0,
      2.971932,
      2.984442,
      0.370367,
      0.426159,
      0.395287,
      0.407455,
      0.419695,
      0.423412,
      0.389857,
      0.415511,
      0.444592,
      0.442854,
      0.43076,
      0.430837,
      0.460268,
      0.429875,
      0.45481,
      0.425513,
      0.459001,
      0.461882,
      0.451074,
      0.473666,
      0.458855,
      0.479161,
      0.455114,
      0.443871,
      0.469604,
      0.439279,
      0.467347,
      0.454781,
      0.474738,
      0.480901,
      0.468548,
      0.474757
    ],