{
  "sample_id": 57,
  "original_data": {
    "time_series": [
      1.250301,
      0.459942,
      -0.388381,
      -1.328257,
      -1.359508,
      -2.032152,
      -1.318026,
      -1.442939,
      -0.681588,
      -0.412742,
      -0.476934,
      0.179832,
      -0.655222,
      -0.75478,
      -0.575355,
      -0.360323,
      1.409621,
      1.541012,
      2.543345,
      2.426961,
      2.07349,
      1.292256,
      0.739958,
      -0.579209,
      -1.58295,
      -1.147002,
      -1.934306,
      -1.790451,
      -1.319759,
      -1.196152,
      -0.871985,
      -0.260084,
      -0.575178,
      -0.720704,
      -0.414919,
      -0.156229,
      -0.091942,
      1.166713,
      2.065053,
      1.87932,
      2.118884,
      2.12774,
      0.837999,
      1.251193,
      -0.761278,
      -1.188344,
      -1.254418,
      -1.98909,
      -2.654121,
      -1.862289,
      -1.720703,
      -0.564656,
      -1.143212,
      0.276454,
      -0.814807,
      -0.499372,
      -0.419116,
      0.440812,
      0.852544,
      2.145909,
      2.238461,
      2.200914,
      2.226737,
      1.815009,
      0.71379,
      0.431108,
      -0.783193,
      -1.864596,
      -2.102999,
      -1.440323,
      -1.680186,
      -1.119481,
      -0.442466,
      -0.936606,
      -1.075305,
      -0.132845,
      -0.462227,
      -0.384528,
      -0.002119,
      0.203585,
      1.310418,
      1.750049,
      2.316171,
      3.0,
      1.854305,
      0.918856,
      0.285419,
      -0.757334,
      -1.711811,
      -2.210161,
      -1.863109,
      -1.877645,
      -1.18598,
      -0.972593,
      -0.229281,
      -0.886529,
      -0.59401,
      -0.687379,
      -0.729268,
      -0.606455,
      0.303858,
      1.750756,
      1.460624,
      2.63004,
      1.993395,
      2.473707,
      1.881074,
      0.726144,
      -0.125246,
      -1.256131,
      -1.654551,
      -1.574099,
      -1.75687,
      -1.254071,
      -0.480767,
      -0.929289,
      -0.545499,
      -0.495633,
      -0.532509,
      -0.636308,
      0.347621,
      0.389916,
      1.198034,
      1.985639,
      2.076923,
      2.572574,
      2.753073,
      1.578858,
      0.809614,
      -0.494569,
      -1.259563,
      -1.515311,
      -1.434909,
      -1.369298,
      -1.176019,
      -0.816699,
      -0.396382,
      -0.611613,
      -0.869164,
      -0.580635,
      -0.346437,
      -0.351124,
      0.017479,
      0.517804,
      1.070901,
      1.775273,
      2.852679,
      2.059669,
      1.413653,
      0.929652,
      -0.047313,
      -1.154202,
      -1.547309,
      -2.242424,
      -1.824494,
      -2.336836,
      -0.633443,
      -0.942099,
      -1.16817,
      -0.463908,
      -0.344597,
      -0.100115,
      -0.129855,
      0.149388,
      0.582183,
      1.281482,
      2.06913,
      2.228755,
      2.196163,
      2.322443,
      1.524937,
      -0.151224,
      -0.695579,
      -1.429073,
      -1.387073,
      -1.667908,
      -1.761277,
      -0.472589,
      -0.644186,
      -0.121018,
      -0.423416,
      -0.544942,
      0.139696,
      -0.304951,
      0.004556,
      0.643581,
      1.927547,
      2.363499,
      1.248719,
      2.009915,
      1.792596,
      1.741711,
      0.616603,
      -0.378991,
      -1.129161,
      -1.163059,
      -2.002555,
      -1.176365,
      -1.265984,
      -1.014283,
      -0.746011,
      -0.186013,
      -0.473495,
      -0.323504,
      -0.739076,
      -0.249595,
      0.294074,
      1.160207,
      1.707141,
      1.825642,
      2.144171,
      2.45951,
      1.548756,
      0.109438,
      -0.916622,
      -1.316663,
      -1.635069,
      -2.104904,
      -1.756546,
      -1.217684,
      -0.35264,
      -0.062155,
      -0.861873,
      -0.731776,
      -0.649639,
      0.088755,
      -0.488992,
      -0.116557,
      1.061494,
      1.433844,
      2.18459,
      1.93477,
      2.379108,
      2.061758,
      0.666752,
      -0.148812,
      -0.964042,
      -1.661115,
      -1.525917,
      -1.748216,
      -1.319184,
      -0.718491,
      -0.481171,
      -0.442419,
      -0.169326,
      -0.810882,
      -0.184404,
      -0.093467,
      0.402468,
      1.058392,
      1.409656,
      1.884353,
      2.317769,
      2.137514,
      1.489688,
      1.141741,
      0.071398,
      -0.537185,
      -1.438104,
      -1.76335,
      -1.692522,
      -1.173657,
      -0.673302,
      -0.914473,
      -0.751555,
      -0.605548,
      -0.596513,
      -0.623877,
      -0.041564,
      -0.296483,
      0.447149,
      1.034224,
      2.222095,
      2.446293,
      2.469467,
      2.222439,
      1.1218,
      0.260779,
      -1.193778,
      -1.768299,
      -1.947952,
      -1.702523,
      -1.537931,
      -1.157211,
      -0.801995,
      -0.306638,
      -0.468888,
      -0.379317,
      -1.08117,
      -0.217591,
      -0.06712,
      0.47058,
      1.079729,
      1.986905,
      2.320692,
      2.383448,
      1.851708,
      0.974566,
      0.242644,
      -1.026768,
      -1.392133,
      -2.098871,
      -1.664252,
      -1.326034,
      -1.260721,
      -0.77686,
      -0.744172,
      -0.529982,
      -0.631074,
      -0.4918,
      -0.393555,
      -0.219876,
      0.273071,
      1.178474,
      1.868886,
      2.42509,
      2.299101,
      2.092139,
      1.494843,
      0.534947,
      -0.603052,
      -1.492451,
      -1.876469,
      -2.249142,
      -1.451912,
      -1.205244,
      -0.905798,
      -0.101304,
      -0.263465,
      -0.28493,
      -0.522623,
      -0.715656,
      0.116132,
      0.134183,
      1.106469,
      1.550804,
      2.056709,
      2.613131,
      2.096054,
      1.180491,
      0.867262,
      -0.10257,
      -1.104023,
      -1.496154,
      -1.807568,
      -2.03332,
      -1.805727,
      -1.466492,
      -0.600759,
      -0.805761,
      -0.777757,
      -0.653848,
      -0.791643,
      -0.762102,
      0.159911,
      1.016117,
      1.402227,
      1.809602,
      2.346212,
      2.019493,
      1.84429,
      1.05815,
      0.030987,
      -0.784117,
      -1.838472,
      -1.506388,
      -2.046593,
      -1.239039,
      -1.127042,
      -0.708055,
      -0.663721,
      -0.332361,
      -0.676994,
      -0.333607,
      -0.398077,
      0.196643,
      0.836846,
      1.576656,
      1.886738,
      2.438556,
      2.566241,
      1.853159
    ],