{
  "sample_id": 40,
  "original_data": {
    "time_series": [
      1.235541,
      0.307579,
      -0.031357,
      0.841225,
      -2.153809,
      0.696574,
      0.567188,
      0.034147,
      0.613051,
      0.269557,
      0.682211,
      0.253405,
      0.164012,
      -0.126527,
      -0.012103,
      0.298407,
      -0.724336,
      -1.005099,
      0.703597,
      0.649238,
      -0.39348,
      1.04361,
      -0.331665,
      -0.664198,
      -0.118759,
      -0.21779,
      -1.241383,
      -0.406187,
      0.372228,
      -0.757267,
      -0.529417,
      0.812057,
      -0.926359,
      -0.263108,
      -0.788255,
      0.276099,
      0.596974,
      0.085786,
      1.103089,
      -0.335668,
      -0.148645,
      1.996579,
      -0.957709,
      -1.259023,
      0.578361,
      1.283328,
      -0.05379,
      0.772509,
      -0.829426,
      1.303795,
      0.25506,
      -0.639547,
      0.540277,
      -0.446282,
      -0.049256,
      0.742491,
      1.264396,
      0.39896,
      -0.129866,
      -1.028579,
      1.460611,
      1.345172,
      0.671453,
      0.473529,
      -0.261138,
      -0.24184,
      -0.788069,
      -3.0,
      0.658255,
      -0.710243,
      -0.022228,
      0.996088,
      0.615116,
      0.022795,
      -0.333601,
      -0.970509,
      -0.053229,
      -0.968759,
      0.361595,
      -0.689388,
      0.716311,
      0.050984,
      -1.204342,
      1.542935,
      -0.883111,
      2.297635,
      -1.98415,
      -0.698834,
      0.661215,
      -0.984361,
      -0.045436,
      -0.5729,
      -1.112589,
      0.121682,
      -1.401128,
      -0.433385,
      -1.718242,
      -0.873807,
      -1.154212,
      1.828773,
      -0.040323,
      1.513334,
      0.029491,
      0.205887,
      -0.495656,
      0.409171,
      1.556005,
      -0.915951,
      0.598469,
      -0.206453,
      1.185037,
      0.816464,
      -0.373475,
      -0.144271,
      -1.084785,
      1.147992,
      0.456273,
      -0.601547,
      -0.376067,
      -0.342433,
      1.457549,
      0.896743,
      -1.094448,
      0.008295,
      -0.546171,
      0.869492,
      0.929973,
      -0.653723,
      -0.983907,
      -0.602961,
      -1.094199,
      0.995618,
      0.861956,
      -0.566964,
      -0.306338,
      0.537449,
      0.045868,
      1.468482,
      0.869797,
      -0.45266,
      0.48235,
      1.928534,
      -0.534052,
      0.315836,
      -0.431101,
      -0.163234,
      0.131391,
      0.111016,
      -0.596943,
      -0.232325,
      -0.600519,
      0.602063,
      -1.989154,
      -0.127295,
      0.647649,
      0.214869,
      0.649064,
      -0.378198,
      0.677028,
      0.260744,
      0.703612,
      1.53086,
      -0.104025,
      -0.687651,
      0.7932,
      0.090114,
      -0.794801,
      -0.728937,
      0.139685,
      -0.078575,
      -0.004283,
      -1.583703,
      -1.328913,
      1.97101,
      0.027107,
      0.379864,
      0.272343,
      -1.64953,
      0.263473,
      0.24954,
      0.231126,
      -0.273981,
      0.917137,
      -0.480628,
      0.934147,
      -0.172462,
      -0.821256,
      -1.531054,
      0.719948,
      -0.613869,
      0.929028,
      -0.085025,
      0.691865,
      -0.381245,
      -0.19488,
      0.461502,
      0.27884,
      0.799158,
      0.391569,
      0.209086,
      -0.300015,
      0.358148,
      0.882477,
      -0.308335,
      1.130154,
      1.229069,
      -1.128949,
      -0.032322,
      0.524124,
      0.835199,
      0.146108,
      0.614232,
      1.322699,
      2.017797,
      0.331648,
      -0.300587,
      -0.299511,
      -0.659549,
      -0.151517,
      -1.644061,
      0.414541,
      1.203378,
      -0.713426,
      -0.325442,
      -0.715406,
      -0.44362,
      0.325185,
      -1.142643,
      -1.763628,
      0.426392,
      0.593269,
      0.101821,
      -0.583337,
      0.002861,
      0.097799,
      0.91184,
      -0.455715,
      -1.169157,
      1.157545,
      0.45654,
      0.305871,
      0.284299,
      0.611538,
      0.017378,
      -0.958864,
      0.214846,
      -0.911764,
      0.015637,
      -0.068914,
      -0.094973,
      0.165689,
      0.446663,
      -0.425207,
      0.209319,
      1.028506,
      -0.059692,
      1.475482,
      1.152266,
      -0.678045,
      0.432999,
      0.511398,
      1.235998,
      0.195715,
      0.879418,
      -0.459084,
      0.644221,
      0.658121,
      -1.309531,
      -0.102011,
      -0.375447,
      0.787851,
      1.467055,
      0.383205,
      -0.114939,
      -0.85215,
      0.800785,
      0.487401,
      -1.156065,
      -0.147546,
      1.116569,
      -0.492798,
      0.236568,
      0.051003,
      0.030655,
      -0.520378,
      -1.031622,
      1.238975,
      -1.292847,
      -0.262155,
      0.101199,
      0.270647,
      -0.933202,
      -0.636534,
      -0.820665,
      -1.282122,
      -0.607234,
      -0.132381,
      -0.734629,
      0.909346,
      0.028111,
      0.184828,
      0.323772,
      -0.743053,
      -0.830858,
      0.094333,
      1.40419,
      0.368281,
      -0.029322,
      0.072255,
      -0.248026,
      0.330281,
      0.179656,
      0.084143,
      0.09212,
      -0.710275,
      -0.711932,
      -1.363522,
      -1.099766,
      -0.384621,
      -0.117071,
      0.704154,
      1.124873,
      1.424346,
      -0.017515,
      0.094958,
      0.564781,
      -2.065185,
      0.835373,
      0.254031,
      0.51292,
      -1.030173,
      -0.477486,
      0.878116,
      0.852155,
      -1.383406,
      0.445015,
      0.230107,
      -0.738291,
      -1.495974,
      1.137969,
      -0.127123,
      -0.103632,
      -0.182387,
      0.561629,
      0.026449,
      -0.124966,
      0.630108,
      0.774548,
      -1.065498,
      -0.475123,
      -0.638948,
      -0.59315,
      -0.604705,
      -1.304256,
      1.183776,
      -0.606864,
      -0.614691,
      -0.347353,
      1.425451,
      -0.950426,
      -0.793133,
      -0.16515,
      -0.667073,
      0.529557,
      -0.342499,
      0.566744,
      1.079686,
      0.161475,
      0.909999,
      -0.122328,
      1.954253,
      -0.655346,
      0.303752,
      -1.089471,
      0.040678,
      0.028505,
      -0.656529,
      0.389313,
      -1.363337,
      -0.431912,
      0.95584,
      -2.000691,
      1.296104,
      0.163905,
      0.400672,
      -0.391925,
      -0.542568,
      0.489487,
      0.562742,
      0.441592,
      -1.356366,
      -0.553952,
      -0.382764,
      -1.065577,
      1.93461,
      0.423727,
      -0.775014,
      0.348637,
      -0.454286,
      -0.425917,
      -1.097491,
      -0.860002,
      0.445173,
      0.648776,
      0.712122,
      -1.002527,
      -0.196401,
      -1.17541,
      -0.871694,
      -1.327289,
      -0.58617,
      -0.499057,
      0.553509,
      0.294027,
      0.346422,
      0.418898,
      0.447357,
      0.558718,
      0.716512,
      0.221589,
      -1.681407,
      -0.845844,
      -1.514951,
      -0.042106,
      0.986243,
      -0.241058,
      -0.689877,
      0.234496,
      -0.600506,
      0.306865,
      0.85322,
      0.290084,
      0.658569
    ],