{
  "sample_id": 24,
  "original_data": {
    "time_series": [
      0.267793,
      -0.531634,
      -0.234518,
      0.705651,
      0.033649,
      0.02516,
      0.345546,
      -0.368452,
      -0.221254,
      -0.272998,
      -0.025393,
      -0.241083,
      0.715684,
      1.182146,
      0.215405,
      -0.543208,
      0.154569,
      -0.002163,
      -0.038591,
      0.865206,
      0.168634,
      0.949796,
      -0.937174,
      1.077462,
      0.51058,
      0.535961,
      0.346893,
      0.294125,
      0.13766,
      -1.365985,
      0.35349,
      0.20623,
      -0.096122,
      0.430716,
      -0.364578,
      -0.530965,
      -0.578065,
      0.16296,
      -0.602449,
      -0.585309,
      -0.317399,
      -0.974509,
      -0.425083,
      0.043488,
      0.416346,
      -0.183643,
      0.15032,
      -0.740625,
      -0.997472,
      1.187883,
      0.275244,
      -0.404689,
      -0.712018,
      -0.213903,
      -0.918412,
      -0.253202,
      0.57918,
      -1.155798,
      -0.328184,
      -0.806876,
      -0.2531,
      0.106604,
      -0.632181,
      0.703016,
      0.319122,
      0.252793,
      0.316081,
      0.361269,
      -0.12998,
      -0.098288,
      -0.333301,
      -0.424614,
      -0.713977,
      0.158808,
      0.998112,
      1.078995,
      -0.275886,
      0.133206,
      -0.068293,
      -0.680609,
      0.769782,
      0.627166,
      -0.939259,
      -0.495105,
      -0.072702,
      -0.056814,
      0.676508,
      -0.944451,
      0.831206,
      -0.169538,
      -0.40187,
      0.464021,
      -0.948248,
      -1.025703,
      1.205459,
      0.311301,
      -0.974601,
      0.218901,
      0.610995,
      -0.759664,
      -0.300634,
      0.22666,
      1.051211,
      -0.281748,
      -0.849355,
      0.029519,
      0.689261,
      0.00281,
      0.493339,
      -0.100892,
      -0.042662,
      0.525725,
      0.544787,
      -0.049342,
      0.660011,
      0.536718,
      -0.302108,
      0.143643,
      -0.036653,
      -0.436162,
      0.333336,
      0.3032,
      0.614507,
      0.956473,
      -0.190698,
      -0.69154,
      0.761005,
      0.668477,
      -0.129671,
      0.055068,
      -0.606295,
      -0.199294,
      -0.349269,
      -0.229038,
      -0.434447,
      -0.448919,
      0.370748,
      0.974231,
      0.566733,
      -1.275332,
      -1.096153,
      0.054427,
      0.325246,
      0.614729,
      -0.270025,
      0.761862,
      0.623573,
      -0.252291,
      0.551758,
      0.519532,
      -0.45623,
      -0.235395,
      -0.380623,
      0.293598,
      -0.151962,
      -0.513184,
      0.261989,
      0.642592,
      -0.020884,
      0.687209,
      0.102856,
      -0.360148,
      0.105531,
      0.019975,
      0.101259,
      0.725035,
      0.373771,
      -0.986894,
      -0.605527,
      -0.088385,
      -0.050979,
      0.039061,
      -0.329141,
      -0.13972,
      0.223572,
      -0.691068,
      -0.326932,
      -0.539801,
      -0.377913,
      0.393693,
      -0.324321,
      0.137924,
      -0.441316,
      0.740854,
      0.297568,
      -0.219105,
      0.126728,
      0.202086,
      0.667302,
      -0.579215,
      -0.670132,
      -0.712109,
      0.42403,
      1.375122,
      -0.534402,
      0.044518,
      0.694576,
      -0.522011,
      -0.283984,
      -0.351417,
      0.253731,
      0.749697,
      0.189356,
      0.822092,
      -0.929047,
      0.313681,
      0.671453,
      0.094167,
      0.337715,
      -0.446749,
      -0.402776,
      0.308908,
      0.969291,
      0.485478,
      1.015484,
      -0.179052,
      0.646496,
      0.619116,
      -0.130934,
      -1.293814,
      -0.002146,
      -0.447036,
      -0.1274,
      1.0338,
      0.411873,
      0.615892,
      0.131054,
      -0.135045,
      -0.374583,
      0.52278,
      0.290036,
      -0.588284,
      0.430423,
      0.236741,
      0.045087,
      -0.71744,
      0.642323,
      0.167779,
      0.065967,
      0.167681,
      0.503374,
      -0.080252,
      0.870463,
      0.3616,
      0.360548,
      -0.67249,
      0.220257,
      0.432504,
      -0.432654,
      -0.109388,
      -1.294002,
      -0.507776,
      -0.763316,
      0.411409,
      -0.54339,
      0.697062,
      -0.776453,
      0.24854,
      1.321991,
      -0.775481,
      1.291212,
      -0.439519,
      0.066993,
      -0.114245,
      -0.417686,
      -0.464213,
      -0.673158,
      0.310195,
      -0.261348,
      -0.979287,
      0.299554,
      -0.440827,
      -0.929501,
      -0.054085,
      -0.195385,
      0.399673,
      -0.289397,
      0.041971,
      -0.970299,
      0.092553,
      0.405945,
      0.402328,
      0.135723,
      -0.547765,
      0.161314,
      -0.549275,
      0.569273,
      -0.013477,
      -0.303614,
      0.562584,
      0.277653,
      -1.228679,
      -0.318232,
      0.921814,
      -0.982671,
      -0.248387,
      0.541248,
      0.673362,
      -0.112832,
      -0.447089,
      -0.25903,
      -0.386478,
      -0.063469,
      0.199472,
      -0.559666,
      -0.479998,
      0.315401,
      -0.367826,
      0.279256,
      0.410858,
      1.015622,
      -0.788965,
      -0.501585,
      -0.070193,
      0.124841,
      -0.33978,
      0.167642,
      0.815239,
      -0.046429,
      -0.214492,
      -0.303863,
      -0.262689,
      0.099607,
      -0.099887,
      -0.326857,
      0.111303,
      -0.085767,
      0.17704,
      -0.034231,
      0.806997,
      0.154671,
      -0.848573,
      -1.001562,
      0.415969,
      -0.779047,
      0.483312,
      0.55513,
      -0.41733,
      0.051329,
      0.006514,
      -0.382994,
      -0.008495,
      -0.477535,
      -0.790576,
      2.041996,
      0.094919,
      -0.196166,
      -0.10402,
      -0.471098,
      -0.607712,
      1.476288,
      -0.508146,
      0.237439,
      0.278068,
      -0.790894,
      -1.811021,
      0.459467,
      3.0,
      0.874771,
      -0.848365,
      -0.460235,
      1.026352,
      -0.28506,
      0.483521,
      -0.294171,
      -1.531215,
      1.111562,
      0.932244,
      1.160865,
      0.579593,
      1.328654,
      0.090465,
      0.017924,
      -1.363616,
      1.595535,
      -0.242484,
      1.286595,
      -0.634248,
      -0.872111,
      -1.096797,
      -0.5846,
      -2.254138,
      -0.073851,
      -2.262056,
      1.108051,
      -0.206331,
      1.176516,
      -0.12196,
      0.294391,
      -0.965232,
      0.556,
      0.490814,
      -0.250337,
      -0.844852,
      -0.458587,
      0.242514,
      -0.187884,
      -0.290306,
      0.829111,
      -0.67097,
      0.298137,
      0.719711,
      0.989953,
      0.729873,
      0.972828,
      -0.08578,
      1.52268,
      0.812018,
      1.259602,
      0.647574,
      1.33287,
      -1.786607,
      -0.663855,
      0.185968,
      -0.438409,
      0.234143,
      0.428199,
      0.24544,
      0.531552,
      -1.014702,
      -1.792479,
      0.145876,
      -1.577628,
      0.258985,
      -0.084539,
      -0.95071,
      -1.663855,
      -0.325564,
      -0.681905,
      -0.462001,
      -1.274402,
      0.530104,
      -1.194526,
      0.060598,
      0.282296,
      -0.550583,
      0.720316,
      1.467582,
      -1.148985,
      1.034587,
      -1.159118,
      -1.073919,
      0.926282,
      1.838231,
      0.988182,
      -0.096645,
      0.648347,
      -0.17153,
      -1.12297,
      0.935796,
      -0.326346,
      0.35149,
      -1.544404,
      -1.33891,
      1.361392,
      -0.269386,
      -1.01363,
      -0.169213,
      0.925126,
      -0.218002,
      1.633861,
      -1.037781,
      0.210469,
      -1.721801,
      1.195187,
      0.052808,
      0.216928,
      0.081174,
      0.195545,
      -1.377469,
      0.867352,
      0.308068,
      1.018384
    ],