{
  "sample_id": 2,
  "original_data": {
    "time_series": [
      0.052251,
      -0.056295,
      -0.1787,
      -0.291796,
      -0.368358,
      -0.385152,
      -0.330603,
      -0.202728,
      -0.013442,
      0.225026,
      0.482018,
      0.734883,
      0.960275,
      1.140965,
      1.264293,
      1.333703,
      1.356943,
      1.351202,
      1.339364,
      1.333237,
      1.355532,
      1.406192,
      1.490849,
      1.593335,
      1.696481,
      1.780236,
      1.818671,
      1.792203,
      1.688344,
      1.498837,
      1.229778,
      0.898255,
      0.521618,
      0.126194,
      -0.257978,
      -0.607238,
      -0.906482,
      -1.137879,
      -1.301202,
      -1.396781,
      -1.43232,
      -1.421024,
      -1.372749,
      -1.302562,
      -1.218567,
      -1.123182,
      -1.020792,
      -0.918287,
      -0.813468,
      -0.710477,
      -0.614118,
      -0.533746,
      -0.476475,
      -0.450941,
      -0.462632,
      -0.523463,
      -0.619962,
      -0.748151,
      -0.897312,
      -1.040662,
      -1.164713,
      -1.245934,
      -1.264064,
      -1.213162,
      -1.097519,
      -0.913993,
      -0.695533,
      -0.457038,
      -0.230948,
      -0.039126,
      0.095652,
      0.159495,
      0.151622,
      0.082608,
      1.224377,
      1.815891,
      2.408656,
      3.0,
      2.709275,
      2.118285,
      1.525486,
      0.933671,
      0.344151,
      -0.25086,
      -0.249701,
      -0.249552,
      -0.25103,
      -0.248422,
      -0.249067,
      -0.250768,
      -0.2493,
      -0.24904,
      -0.249714,
      -0.248345,
      -0.249985,
      -0.250202,
      -0.249621,
      -0.248792,
      -0.250873,
      -0.24906,
      -0.249893,
      -0.249816,
      -0.250902,
      -0.248828,
      -0.249715,
      -0.249813,
      -0.249175,
      -0.251521,
      -0.250828,
      -0.248212,
      -0.250557,
      -0.24819,
      -0.250545,
      -0.250576,
      -0.251564,
      -0.250035,
      -0.248501,
      -0.250578,
      -0.250485,
      -0.249865,
      -0.251093,
      -0.250949,
      -0.249705,
      -0.248633,
      -0.514486,
      -0.45659,
      -0.431846,
      -0.44591,
      -0.505371,
      -0.604047,
      -0.734628,
      -0.885052,
      -1.030096,
      -1.146824,
      -1.222489,
      -1.233315,
      -1.178483,
      -1.0536,
      -0.868637,
      -0.644058,
      -0.408879,
      -0.184528,
      -0.005781,
      0.114102,
      0.161411,
      0.133246,
      0.048648,
      -0.07647,
      -0.215359,
      -0.334219,
      -0.407177,
      -0.415492,
      -0.344768,
      -0.198224,
      0.014445,
      0.267841,
      0.540239,
      0.8012,
      1.021064,
      1.194599,
      1.301908,
      1.351541,
      1.356637,
      1.335908,
      1.306328,
      1.291029,
      1.307948,
      1.361677,
      1.448214,
      1.556837,
      1.663651,
      1.749579,
      1.790452,
      1.754647,
      1.6406,
      1.44221,
      1.15983,
      0.815512,
      0.43042,
      0.032731,
      -0.345186,
      -0.686312,
      -0.967982,
      -1.179829,
      -1.324721,
      -1.402856,
      -1.422308,
      -1.400773,
      -1.346973,
      -1.273453,
      -1.190228,
      -1.098818,
      -1.001937,
      -0.899615,
      -0.796387,
      -0.68861,
      -0.585337,
      -0.493769,
      -0.426114,
      -0.388626,
      -0.39198,
      -0.439829,
      -0.530341,
      -0.657708,
      -0.800269,
      -0.9422,
      -1.064231,
      -1.139997,
      -1.157996,
      -1.106003,
      -0.988198,
      -0.814426,
      -0.602093,
      -0.380226,
      -0.170202,
      -0.004716,
      0.096993,
      0.133289,
      0.095661,
      0.0042,
      -0.125959,
      -0.264669,
      -0.379401,
      -0.447845,
      -0.447173,
      -0.366046,
      -0.211508,
      0.004085,
      0.262095,
      0.534766,
      0.789528,
      1.013989,
      1.177741,
      1.283944,
      1.333367,
      1.338482,
      1.322556,
      1.30206,
      1.295996,
      1.322358,
      1.383963,
      1.47577,
      1.586841,
      1.69168,
      1.769226,
      1.794925,
      1.748569,
      1.619604,
      1.403125,
      1.11047,
      0.758249,
      0.369631,
      -0.024756,
      -0.399993,
      -0.731027,
      -1.004671,
      -1.20316,
      -1.336855,
      -1.403351,
      -1.416051,
      -1.387414,
      -1.33506,
      -1.260884,
      -1.174746,
      -1.082911,
      -0.987657,
      -0.883206,
      -0.7783,
      -0.672452,
      -0.571975,
      -0.485107,
      -0.420588,
      -0.391175,
      -0.400657,
      -0.457129,
      -0.556023,
      -0.686296,
      -0.833089,
      -0.977577,
      -1.094845,
      -1.167226,
      -1.178552,
      -1.119319,
      -0.997286,
      -0.814033,
      -0.596519,
      -0.369706,
      -0.160028,
      0.005087,
      0.110778,
      0.146485,
      0.111648,
      0.021716,
      -0.102264,
      -0.229537,
      -0.33752,
      -0.39527,
      -0.389012,
      -0.307374,
      -0.153762,
      0.061593,
      0.309439,
      0.570418,
      0.818045,
      1.023561,
      1.181213,
      1.277467,
      1.32666,
      1.330134,
      1.31281,
      1.297271,
      1.299339,
      1.330194,
      1.395418,
      1.488656
    ],