{
  "sample_id": 95,
  "original_data": {
    "time_series": [
      -0.375924,
      -0.706005,
      -0.6118,
      -0.978106,
      -0.596315,
      -0.020601,
      2.269598,
      1.732125,
      2.371615,
      0.84367,
      1.510958,
      1.258173,
      2.164086,
      1.36568,
      1.709402,
      -0.917119,
      -0.00965,
      -0.44247,
      -1.264454,
      -1.139494,
      -0.759036,
      -0.270683,
      -0.804923,
      0.079183,
      -0.440496,
      -0.674956,
      0.148468,
      -0.411424,
      -0.387706,
      -0.253604,
      -1.468568,
      -0.653119,
      -0.085419,
      -1.0895,
      -0.372936,
      -0.324277,
      -0.594427,
      -0.33313,
      2.581514,
      1.348436,
      2.260767,
      2.80969,
      2.202003,
      1.385621,
      2.218453,
      1.970366,
      1.963292,
      -0.543374,
      -1.655768,
      -1.066843,
      -0.517433,
      -0.76868,
      -0.156041,
      -0.983041,
      -0.857588,
      -0.19202,
      -0.891255,
      1.068363,
      0.145696,
      -0.602935,
      -1.308647,
      -1.097264,
      -0.900603,
      -0.469447,
      -0.629207,
      -0.407492,
      -0.831941,
      -1.242643,
      0.824427,
      0.751597,
      1.367985,
      -1.83619,
      -1.079247,
      -1.960976,
      -1.211635,
      -1.809186,
      -1.518045,
      -1.713793,
      -1.914847,
      -1.969895,
      1.514115,
      0.653534,
      1.434141,
      0.962511,
      -0.090799,
      0.971705,
      0.420418,
      0.668168,
      0.711335,
      1.325472,
      0.376595,
      -0.611925,
      -0.743133,
      -0.470636,
      0.062106,
      -1.273165,
      0.045035,
      0.146711,
      -0.42164,
      -2.005301,
      -0.832442,
      -0.294448,
      -0.597323,
      1.951849,
      1.991406,
      2.167239,
      0.960872,
      1.851204,
      2.643493,
      1.55108,
      1.806882,
      1.741184,
      -0.734285,
      -0.89982,
      -1.445407,
      -0.890437,
      -1.096776,
      -0.962788,
      -0.263367,
      -0.965842,
      -0.368171,
      -0.494864,
      0.010089,
      -0.471026,
      -0.012884,
      -0.484348,
      -0.644236,
      -0.06994,
      -0.855777,
      -1.352574,
      -0.15061,
      -0.997227,
      -0.227175,
      -1.44367,
      -1.332486,
      0.899447,
      1.912789,
      1.21356,
      1.809963,
      2.262242,
      2.553119,
      3.0,
      2.309415,
      2.15895,
      -0.647432,
      -0.217998,
      -0.389267,
      -1.370172,
      -1.363987,
      -0.256664,
      -0.264324,
      -0.45493,
      -0.391904,
      -0.809541,
      0.150062,
      -1.26577,
      -0.190633,
      -2.2831,
      -0.193857,
      -1.804283,
      0.065283,
      -0.342775,
      -0.979158,
      -1.187967,
      -0.735157,
      -1.601184,
      0.155691,
      -1.592657,
      1.385973,
      0.302482,
      1.938235,
      1.054893,
      2.302496,
      1.820743,
      1.909284,
      2.994824,
      -0.73359,
      -0.59632,
      0.198539,
      -0.026954,
      -1.361626,
      -1.152859,
      -1.211908,
      -0.818708,
      -1.918643,
      -1.112393,
      -0.672274,
      -0.790452,
      -0.759802,
      -1.518494,
      -0.963655,
      -1.93349,
      0.333433,
      -1.785713,
      -1.298269,
      -0.90781,
      -1.371687,
      -0.600265,
      -1.436755,
      -1.870535,
      2.452441,
      2.351807,
      1.58491,
      1.124001,
      1.748912,
      2.469634,
      1.664691,
      2.521861,
      2.270123,
      0.296555,
      -2.243399,
      -2.674271,
      -0.211858,
      -0.547339,
      -0.125828,
      0.200465,
      -1.098383,
      0.45201,
      -0.79757,
      -1.913295,
      0.394509,
      -0.157199,
      -1.450157,
      -1.356253,
      0.017622,
      -1.14037,
      0.509959,
      -1.136404,
      -1.00823,
      0.267654,
      -0.667187,
      1.359314,
      2.957671,
      1.89328,
      2.830019,
      1.535319,
      1.994386,
      1.98874,
      0.806053,
      2.467582,
      2.235399,
      -1.023763,
      -0.328755,
      -1.971748,
      -1.390316,
      -0.14445,
      0.216611,
      -0.420717,
      -0.881435,
      -0.684644,
      -0.789766,
      -0.012413,
      -1.548157,
      0.874311
    ],