{
  "sample_id": 138,
  "original_data": {
    "time_series": [
      0.000152,
      0.001407,
      -0.00123,
      -0.000849,
      -0.000401,
      5.9e-05,
      -0.000348,
      -0.000326,
      -0.001079,
      -0.000174,
      0.001498,
      -0.002309,
      -0.000585,
      0.000391,
      -1.9e-05,
      0.00042,
      -0.00256,
      -0.00031,
      0.000709,
      0.000336,
      0.001705,
      -0.000381,
      0.000736,
      -1.1e-05,
      -0.000306,
      0.000427,
      0.00161,
      0.00084,
      -0.001576,
      0.001208,
      0.002289,
      0.001264,
      -0.000261,
      -0.000365,
      0.001059,
      0.0009,
      0.000302,
      -0.001058,
      -0.00146,
      0.001078,
      0.000363,
      0.000807,
      0.000764,
      0.00021,
      0.000123,
      -0.000848,
      -0.000305,
      0.000688,
      -0.001701,
      0.000166,
      -1e-06,
      -0.00131,
      -0.000118,
      -0.001755,
      -0.00023,
      0.001292,
      0.00055,
      -0.001273,
      -0.002389,
      0.001761,
      0.001489,
      -0.000615,
      -0.000388,
      -6.1e-05
    ],
    "normal_series": [
      0.000152,
      0.001407,
      -0.00123,
      -0.000849,
      -0.000401,
      5.9e-05,
      -0.000348,
      -0.000326,
      -0.001079,
      -0.000174,
      0.001498,
      -0.002309,
      -0.000585,
      0.000391,
      -1.9e-05,
      0.00042,
      -0.00256,
      -0.00031,
      0.000709,
      0.000336,
      0.001705,
      -0.000381,
      0.000736,
      -1.1e-05,
      -0.000306,
      0.000427,
      0.00161,
      0.00084,
      -0.001576,
      0.001208,
      0.002289,
      0.001264,
      -0.000261,
      -0.000365,
      0.001059,
      0.0009,
      0.000302,
      -0.001058,
      -0.00146,
      0.001078,
      0.000363,
      0.000807,
      0.000764,
      0.00021,
      0.000123,
      -0.000848,
      -0.000305,
      0.000688,
      -0.001701,
      0.000166,
      -1e-06,
      -0.00131,
      -0.000118,
      -0.001755,
      -0.00023,
      0.001292,
      0.00055,
      -0.001273,
      -0.002389,
      0.001761,
      0.001489,
      -0.000615,
      -0.000388,
      -6.1e-05
    ]
  },
  "windows": [
    {
      "window_range": {
        "start": 26,
        "end": 52
      },
      "anomaly_descriptions": [],
      "question": "Based on the observed patterns within the time series window from step 26 to 52, what evidence would you look for to conclude whether or not an anomaly is present, and how would you differentiate between subtle anomalies and normal fluctuations in this segment?",
      "answer": "C. The time series window from step 26 to 52 shows all current_values consistently at or extremely close to zero, with no visible spikes, trends, or irregular deviations. Both positive and negative zeros are present, but these are numerically identical and indicate no real fluctuation. To conclude an anomaly is present, one would look for abrupt changes, sustained deviations from the normal_value, or outliers—none of which are observed here. Subtle anomalies would manifest as small but consistent departures from zero, which are absent. This pattern signifies a stable, non-volatile segment, supporting the conclusion that no anomalies are present and all fluctuations are within normal, expected ranges.",
      "question_type": "open_ended",
      "has_anomaly": false
    },
    {
      "window_range": {
        "start": 2,
        "end": 31
      },
      "anomaly_descriptions": [],
      "question": "Given that the window from step 2 to 31 appears normal, what evidence would you look for to determine if there are any subtle or hidden anomalies within this segment, particularly considering how anomalies may manifest near the window's boundaries?",
      "answer": "A. I would look for subtle irregularities such as small but consistent deviations from zero, abrupt changes between consecutive values, or micro-trends at the start or end of the window that differ from the overall flat pattern. In this segment, all current_values are essentially zero, with no visible spikes, trends, or irregularities, and every value closely matches its normal_value. This uniformity indicates a stable and non-anomalous pattern, suggesting no hidden anomalies within or near the boundaries. Such consistency is significant, as even minor deviations could signal early, subtle anomalies, but none are present here.",
      "question_type": "open_ended",
      "has_anomaly": false
    }
  ]
}