{
  "sample_id": 8,
  "original_data": {
    "time_series": [
      0.319885,
      0.244941,
      3.0,
      -1.413281,
      -0.460053,
      -1.091949,
      -0.366341,
      -1.389372,
      -0.94129,
      2.259535,
      0.294358,
      -0.495291,
      -1.700104,
      -0.979603,
      1.245623,
      0.047492,
      0.131014,
      -1.379801,
      -0.161268,
      0.647571,
      -2.116295,
      -0.635216,
      -0.984285,
      0.203076,
      0.587197,
      0.615168,
      0.833597,
      0.887352,
      -1.993513,
      0.794561,
      1.251108,
      -0.354449,
      0.89341,
      -1.15362,
      0.396561,
      -1.353801,
      0.202748,
      -0.391239,
      -1.430664,
      -0.271411,
      -0.56583,
      -2.436243,
      1.326167,
      -0.37431,
      0.304395,
      0.541824,
      0.140779,
      1.537528,
      -1.158465,
      -0.09565,
      0.015169,
      0.212823,
      -1.300139,
      -0.745784,
      -0.838565,
      -0.706557,
      0.329989,
      -1.547271,
      -1.588388,
      -0.832788,
      0.924307,
      -2.144455,
      -1.765692,
      -0.512044,
      0.159158,
      -0.067922,
      1.055952,
      0.155915,
      -0.803833,
      1.219437,
      -0.122921,
      -0.316937,
      0.829851,
      0.977283,
      -1.790184,
      -1.083454,
      1.144355,
      0.893748,
      0.739217,
      0.883149,
      2.123994,
      1.750828,
      1.08331,
      1.161405,
      1.54467,
      -1.077059,
      0.245159,
      0.346982,
      0.823485,
      0.083504,
      0.540503,
      -1.013536,
      1.34923,
      -0.174078,
      -1.466564,
      1.291763,
      0.145981,
      2.383822,
      0.765957,
      1.65926,
      0.435097,
      1.190608,
      0.744519,
      -2.265968,
      0.10817,
      0.777328,
      -0.820555,
      -0.79552,
      0.620062,
      0.321996,
      -1.467522,
      1.479215,
      -0.274553,
      -1.94438,
      1.686443,
      0.250483
    ],
    "normal_series": [
      0.319885,
      0.244941,
      3.0,
      -1.413281,
      -0.460053,
      -1.091949,
      -0.366341,
      -1.389372,
      -0.94129,
      2.259535,
      0.294358,
      -0.495291,
      -1.700104,
      -0.979603,
      1.245623,
      0.047492,
      0.131014,
      -1.379801,
      -0.161268,
      0.647571,
      -2.116295,
      -0.635216,
      -0.984285,
      0.203076,
      0.587197,
      0.615168,
      0.833597,
      0.887352,
      -1.993513,
      0.794561,
      1.251108,
      -0.354449,
      0.893409,
      -1.15362,
      0.396562,
      -1.353801,
      0.202748,
      -0.39124,
      -1.430664,
      -0.271411,
      -0.56583,
      -2.436242,
      1.326167,
      -0.37431,
      0.304395,
      0.541824,
      0.140778,
      1.537528,
      -1.158465,
      -0.09565,
      0.015169,
      0.212823,
      -1.300139,
      -0.745783,
      -0.838565,
      -0.706557,
      0.32999,
      -1.54727,
      -1.588389,
      -0.832787,
      0.924307,
      -2.144456,
      -1.765692,
      -0.512045,
      0.159158,
      -0.067921,
      1.055952,
      0.155915,
      -0.803833,
      1.219437,
      -0.122921,
      -0.316937,
      0.829851,
      0.977283,
      -1.790184,
      -1.083454,
      1.144355,
      0.893748,
      0.739217,
      0.883149,
      2.123994,
      1.750828,
      1.08331,
      1.161405,
      1.54467,
      -1.077059,
      0.245159,
      0.346982,
      0.823485,
      0.083504,
      0.540503,
      -1.013536,
      1.34923,
      -0.174078,
      -1.466564,
      1.291763,
      0.145981,
      2.383822,
      0.765957,
      1.65926,
      0.435097,
      1.190608,
      0.744519,
      -2.265968,
      0.10817,
      0.777328,
      -0.820555,
      -0.79552,
      0.620062,
      0.321996,
      -1.467522,
      1.479215,
      -0.274553,
      -1.94438,
      1.686443,
      0.250483
    ]
  },
  "windows": [
    {
      "window_range": {
        "start": 31,
        "end": 69
      },
      "anomaly_descriptions": [],
      "question": "How would you evaluate whether any subtle or hidden anomalies exist within the time series window from step 31 to 69, considering the apparent normality of the data, and what strategies might you use to distinguish between true normal patterns and less obvious anomalous behavior near the window boundaries?",
      "answer": "A. Although no overt anomalies are detected, subtle anomalies could be masked by normal fluctuations. The window displays alternating positive and negative values with occasional sharp deviations (e.g., spikes to -2.44, 1.54, -2.14, -1.77), but these are not persistent or trending. To distinguish hidden anomalies, one should analyze local variance, check for abrupt changes near boundaries, and compare with longer-term statistical baselines. Employing techniques like rolling z-scores or change-point detection can reveal subtle shifts or irregularities not visible through simple inspection. Overall, the pattern exhibits typical random variation without sustained outliers or drifts, suggesting genuine normality unless more sophisticated analysis uncovers hidden structure.",
      "question_type": "open_ended",
      "has_anomaly": false
    },
    {
      "window_range": {
        "start": 7,
        "end": 45
      },
      "anomaly_descriptions": [],
      "question": "True or False: Based on the observed data from step 7 to 45, there is no evidence suggesting the presence of anomalous behavior within this window.",
      "answer": "True. The time series data from steps 7 to 45 shows fluctuations around the mean, with both positive and negative values, including occasional spikes (e.g., 2.26 at step 9 and -2.44 at step 43). However, these variations appear consistent with typical time series noise and do not represent sustained outliers or irregular deviations from the general pattern. The absence of abrupt, persistent, or isolated extreme values indicates stable behavior without anomalous events, supporting the conclusion that no evidence of anomalous behavior exists within this window.",
      "question_type": "true_false",
      "has_anomaly": false
    }
  ]
}