{
  "sample_id": 65,
  "original_data": {
    "time_series": [
      1.365489,
      1.33354,
      1.286493,
      1.258398,
      1.247918,
      1.236369,
      1.276954,
      1.340905,
      1.416113,
      1.516416,
      1.62345,
      1.733315,
      1.859327,
      1.981969,
      2.069191,
      2.122185,
      2.153872,
      2.128806,
      2.056823,
      1.905895,
      1.73744,
      1.487585,
      1.196138,
      0.89401,
      0.54351,
      0.15542,
      -0.219819,
      -0.580502,
      -0.926164,
      -1.221839,
      -1.501493,
      -1.697728,
      -1.828417,
      -1.923082,
      -1.934693,
      -1.883292,
      -1.791938,
      -1.620557,
      -0.763227,
      -0.530887,
      -0.977019,
      -0.709086,
      -0.47919,
      -0.264476,
      -0.057903,
      0.098784,
      0.238525,
      0.345095,
      0.41642,
      0.429062,
      0.454308,
      0.411524,
      0.393807,
      0.366432,
      0.340826,
      0.337882,
      0.34222,
      0.386969,
      0.420775,
      0.497299,
      0.606033,
      0.731238,
      0.85902,
      0.991823,
      1.130567,
      1.218651,
      1.297772,
      1.348191,
      1.353215,
      1.291238,
      1.185169,
      1.024123,
      0.817258,
      0.544452,
      0.245096,
      -0.083286,
      -0.470737,
      -0.825359,
      -1.192249,
      -1.537295,
      -1.845309,
      -2.125658,
      -2.31736,
      -2.490228,
      -2.572504,
      -2.591792,
      -2.555201,
      -2.470585,
      -2.312711,
      -2.134705,
      -1.897384,
      -1.662195,
      -1.400732,
      -1.155499,
      -0.914534,
      -0.696194,
      -0.511204,
      -0.37053,
      -0.250723,
      -0.164096,
      -0.123825,
      -0.092597,
      -0.106516,
      -0.112905,
      -0.134622,
      -0.160146,
      -0.174547,
      -0.16958,
      -0.126981,
      -0.08605,
      0.002447,
      0.110407,
      0.24079,
      0.36382,
      0.518996,
      0.649676,
      0.777545,
      0.849813,
      0.921048,
      0.942188,
      0.910802,
      0.820662,
      0.692524,
      0.485484,
      0.230763,
      -0.04874,
      -0.368206,
      -0.720818,
      -1.082477,
      -1.446855,
      -1.804902,
      -2.111894,
      -2.382809,
      -2.616996,
      -2.778495,
      -2.882573,
      -2.945813,
      -2.914383,
      -2.827735,
      -2.685092,
      -2.501619,
      -2.272699,
      -2.028912,
      -1.767773,
      -1.511225,
      -1.265812,
      -1.014932,
      -0.821292,
      -0.66574,
      -0.512127,
      -0.41789,
      -0.346092,
      -0.332956,
      -0.30718,
      -0.32259,
      -0.325332,
      -0.346879,
      -0.367483,
      -0.216245,
      -0.298196,
      -0.269601,
      -0.193671,
      -0.096812,
      0.046453,
      0.17058,
      0.3248,
      0.476786,
      0.590214,
      0.70832,
      0.76331,
      0.831259,
      0.80352,
      0.737402,
      0.628422,
      0.43919,
      0.223202,
      -0.061205,
      -0.390842,
      -0.725985,
      -1.076051,
      -1.429227,
      -1.797715,
      -2.106499,
      -2.394437,
      -2.64156,
      -2.821435,
      -2.936435,
      -2.999287,
      -3.0,
      -2.904443,
      -2.784262,
      -2.622738,
      -2.39741,
      -2.143656,
      -1.872411,
      -1.612063,
      -1.347545,
      -1.111024,
      -0.895357,
      -0.687305,
      -0.543415,
      -0.431438,
      -0.358936,
      -0.290851,
      -0.263325,
      -0.262396,
      -0.265912,
      -0.272296,
      -0.270552,
      -0.254173,
      -1.794177,
      -1.785639,
      -1.769857,
      -1.759755,
      -1.75976,
      2.076824,
      2.081708,
      2.086949,
      2.105766,
      2.122075,
      2.121251,
      2.129968,
      2.148187,
      2.14012,
      2.158816,
      2.169267,
      2.179708,
      2.192073,
      2.207391,
      -1.608956,
      -1.607626,
      -1.592695,
      -1.586827,
      -1.557997,
      -1.565833,
      -1.549649,
      -1.53221,
      -1.530191,
      -1.493276,
      -1.499792,
      -1.475292,
      -1.47053,
      -1.453074,
      -1.430672,
      -1.424594,
      -1.415681,
      -1.38954,
      -1.388049,
      -1.369992,
      -1.359864,
      -1.321287,
      -1.321147,
      -1.309336,
      0.182457,
      0.246282,
      0.289292,
      0.309702,
      0.322467,
      0.329015,
      0.34063,
      0.366878,
      0.39935,
      0.448568,
      0.534189,
      0.649059,
      0.767287,
      0.946803,
      1.080798,
      1.237125,
      1.40122,
      1.555605,
      1.642746,
      1.728352,
      1.778332,
      1.768428,
      1.691051,
      1.574045,
      1.394953,
      1.169036,
      0.895868,
      0.58158,
      0.253567,
      -0.080465,
      -0.416314,
      -0.751498,
      -1.027961,
      -1.288636,
      -1.47266,
      -1.603804,
      -1.677233,
      -1.687109,
      -1.632785,
      -1.537141,
      -1.359215,
      -1.131521,
      -0.890086,
      -0.618485,
      -0.34143,
      -0.046514,
      0.238348,
      0.490251,
      0.720327,
      0.90649,
      1.060366,
      1.193998,
      1.273217,
      1.340081,
      1.369037,
      1.393328,
      1.404769,
      1.429867,
      1.453401,
      1.492259,
      1.549938,
      1.620016,
      1.74237,
      1.881795,
      2.011517,
      2.178481,
      2.358154,
      2.521501,
      2.682198,
      2.806862,
      2.904171,
      2.945118,
      2.962894,
      2.921554,
      2.829599,
      2.666297,
      2.460688,
      2.214403,
      1.936801,
      1.618011,
      1.296939,
      0.972332,
      0.657685,
      0.354643,
      0.10092,
      -0.092653,
      -0.235822,
      -0.337443,
      -0.342067,
      -0.307107,
      -0.203615,
      -0.039058,
      0.161722,
      0.416635,
      0.684564,
      0.982486,
      1.271909,
      1.557912,
      1.808211,
      2.068183,
      2.273789,
      2.446983,
      2.588339,
      2.686715,
      2.759519
    ],