{
  "sample_id": 69,
  "original_data": {
    "time_series": [
      3.0,
      2.973446,
      2.945255,
      2.916295,
      2.887644,
      2.860688,
      2.835643,
      2.812074,
      2.784706,
      2.752848,
      2.735289,
      2.733993,
      2.736149,
      2.739167,
      2.738925,
      2.739099,
      2.736615,
      2.723612,
      2.706533,
      2.677168,
      2.643608,
      2.602867,
      2.555337,
      2.497256,
      2.434746,
      2.363697,
      2.282431,
      2.192926,
      2.053912,
      1.894914,
      1.846169,
      1.973277,
      2.101964,
      2.234449,
      2.366687,
      2.310903,
      2.264321,
      2.209608,
      2.153677,
      2.093713,
      2.039414,
      1.988262,
      1.934323,
      1.876682,
      1.827784,
      1.788239,
      1.757918,
      1.73633,
      1.707304,
      1.67933,
      1.656564,
      1.627446,
      1.598548,
      1.571434,
      1.548445,
      1.523027,
      1.500369,
      1.470481,
      1.443942,
      1.419421,
      1.391893,
      1.366874,
      1.334796,
      1.311774,
      1.287936,
      1.269441,
      1.240646,
      1.214408,
      1.189242,
      1.162452,
      1.139087,
      1.116447,
      1.088732,
      1.063385,
      1.037312,
      1.011315,
      0.988416,
      0.965201,
      0.934722,
      0.914738,
      0.889489,
      0.862797,
      0.841823,
      0.814282,
      0.787609,
      0.769235,
      0.740141,
      0.719535,
      0.723525,
      0.721973,
      0.728597,
      0.726531,
      0.736365,
      0.7341,
      0.746264,
      0.743781,
      0.750348,
      0.752696,
      0.758515,
      0.76129,
      0.769461,
      0.773149,
      0.778724,
      0.781448,
      0.784424,
      0.767502,
      0.714989,
      0.667439,
      0.616144,
      0.56465,
      0.516149,
      0.468999,
      0.41684,
      0.366973,
      0.317416,
      0.267104,
      0.217363,
      0.168919,
      0.121751,
      0.070728,
      0.027904,
      -0.024291,
      -0.073382,
      -0.097711,
      -0.295566,
      -0.441297,
      -0.594577,
      -0.559758,
      -0.487579,
      -0.559291,
      -0.504332,
      -0.65341,
      -0.713447,
      -0.474792,
      -0.321047,
      -0.261702,
      -0.063324,
      -0.383155,
      -0.399661,
      -0.425419,
      -0.443172,
      -0.464714,
      -0.47277,
      -0.49988,
      -0.519041,
      -0.529293,
      -0.55212,
      -0.571408,
      -0.593499,
      -0.604629,
      -0.627501,
      -0.649349,
      -0.663523,
      -0.683649,
      -0.697762,
      -0.715625,
      -0.733032,
      -0.749341,
      -0.770244,
      -0.792043,
      -0.803879,
      -0.81998,
      -0.838409,
      -0.852594,
      -0.871867,
      -0.877106,
      -0.866926,
      -0.850958,
      -0.842945,
      -0.831696,
      -0.819257,
      -0.81265,
      -0.795929,
      -0.783346,
      -0.770049,
      -0.759485,
      -0.745471,
      -0.734898,
      -0.722356,
      -0.711918,
      -0.697591,
      -0.682942,
      -0.670253,
      -0.70007,
      -0.748825,
      -0.788039,
      -0.833375,
      -0.870771,
      -0.913749,
      -0.954636,
      -0.992235,
      -1.036964,
      -1.076659,
      -1.116636,
      -1.155785,
      -1.201227,
      -1.206302,
      -1.326624,
      -1.323624,
      -1.398772,
      -1.419155,
      -1.404927,
      -1.414256,
      -1.41062,
      -1.432469,
      -1.454449,
      -1.445474,
      -1.489959,
      -1.443589,
      -1.518715,
      -1.486522,
      -1.525844,
      -1.53296,
      -1.535688,
      -1.506041,
      -1.529523,
      -1.573802,
      -1.587774,
      -1.566447,
      -1.628048,
      -1.616552,
      -1.603505,
      -1.609386,
      -1.618512,
      -1.625048,
      -1.630904,
      -1.640422,
      -1.652893,
      -1.658188,
      -1.664966,
      -1.677644,
      -1.682998,
      -1.69553,
      -1.695029,
      -1.700317,
      -1.711456,
      -1.717844,
      -1.725444,
      -1.736899,
      -1.735265,
      -1.744819,
      -1.743797,
      -1.758738,
      -1.733992,
      -1.715127,
      -1.69635,
      -1.668234,
      -1.64833,
      -1.627969,
      -1.601407,
      -1.583382,
      -1.554465,
      -1.531061,
      -1.506736,
      -1.488493,
      -1.465176,
      -1.437627,
      -1.414513,
      -1.393345,
      -1.368128,
      -1.365181,
      -1.396728,
      -1.426312,
      -1.455752,
      -1.487931,
      -1.515415,
      -1.549653,
      -1.575518,
      -1.603037,
      -1.63671,
      -1.663665,
      -1.693214,
      -1.719272,
      -1.752564,
      -1.778,
      -1.809931,
      -1.836232,
      -1.864906,
      -1.866744,
      -1.866013
    ],