{
  "sample_id": 100,
  "original_data": {
    "time_series": [
      0.689828,
      1.118875,
      0.219404,
      -0.025409,
      0.234736,
      2.117232,
      2.995006,
      1.446671,
      2.86441,
      2.770509,
      0.002115,
      -0.256771,
      -0.357827,
      -1.173091,
      0.050131,
      0.059881,
      0.128752,
      0.015221,
      0.074782,
      0.296974,
      0.489378,
      -0.120421,
      0.095604,
      -0.315495,
      0.261255,
      -0.570072,
      0.413807,
      -0.733795,
      0.832144,
      0.534111,
      -0.467207,
      0.075638,
      -0.050329,
      -0.342465,
      -0.748834,
      -1.198571,
      -0.204768,
      0.050534,
      0.228442,
      -0.386024,
      0.266745,
      0.404474,
      -0.481245,
      -0.907586,
      -0.194605,
      0.242591,
      -0.112093,
      0.434121,
      -0.290956,
      0.217477,
      1.81926,
      2.587601,
      1.992581,
      2.496311,
      1.853978,
      -0.482786,
      -1.068357,
      -0.741367,
      0.240869,
      -0.261714,
      -0.826012,
      -0.132418,
      0.37455,
      3.0,
      2.848323,
      -0.767195,
      -1.060739,
      -0.883922,
      -1.38031,
      -0.123392,
      0.652671,
      -0.077369,
      -0.57608,
      -1.393493,
      0.564395,
      -1.119757,
      0.3759,
      -0.417249,
      -0.156189,
      -0.854972,
      -0.369273,
      -0.130457,
      -0.404303,
      -0.351527,
      -1.127136,
      -0.436934,
      -0.512815,
      0.454465,
      0.307752,
      0.245211,
      -0.136499,
      -0.701165,
      -0.257706,
      -0.575894,
      2.916024,
      1.98292,
      2.124626,
      2.553748,
      2.200632,
      2.563804,
      -0.250052,
      -0.027924,
      -0.112303,
      1.027217,
      -0.412679,
      0.233097,
      -0.174586,
      0.1006,
      -0.627444,
      -0.149236,
      0.687165,
      0.304997,
      -0.010552,
      0.243677,
      -0.698925,
      0.332908,
      -0.164303,
      -0.951799,
      -0.008284,
      -0.455212,
      0.186181,
      0.773253,
      0.146042,
      -0.369236,
      0.055315,
      0.141439,
      -1.099237,
      -0.495583,
      -0.191649,
      0.533848,
      -0.927724,
      0.004859,
      0.163536,
      0.279835,
      -0.496504,
      -0.730443,
      0.401635,
      0.499772,
      -0.593382,
      2.272394,
      2.782514,
      2.212486,
      2.057112,
      2.060494,
      -1.252341,
      -0.296268,
      0.070415,
      -0.053087,
      -0.528719,
      -0.168932,
      -0.082926,
      -1.133003,
      -0.585924,
      -0.353916,
      -0.278435,
      -0.0732,
      -0.428734,
      -0.375571,
      -0.58969,
      -0.683774,
      -0.123583,
      -0.476854,
      -0.321742,
      -0.311385,
      0.26806,
      -0.749948,
      -0.881861,
      0.159616,
      -0.227798,
      -0.716939,
      -0.584353,
      -0.074363,
      -0.055509,
      -0.154219,
      -0.215526,
      -0.232292,
      -1.307225,
      -0.320336,
      -0.463023,
      -0.205683,
      0.062169,
      -0.441654,
      -0.81177,
      -0.346283,
      2.028698,
      2.951435,
      2.75854,
      2.305977,
      2.336207,
      -0.035934,
      -0.331183,
      -0.232548,
      -0.488052,
      -0.524026,
      -0.047878,
      -0.191726,
      -0.95806,
      -0.42122,
      -0.61041,
      -0.319547,
      0.149948,
      -0.393734,
      -0.621692,
      -0.771191,
      -0.369909,
      -0.555852,
      -0.234287,
      -0.119909,
      -0.570465,
      -1.243739,
      -1.2076,
      -0.01454,
      0.000604,
      -0.555992,
      -0.678309,
      -0.785976,
      -0.783798,
      -0.191895,
      -0.157643,
      -0.776696,
      -0.234366,
      -0.530738,
      -0.932935,
      -0.158076,
      -0.317881,
      0.286756,
      -0.952254,
      -0.171681,
      -0.938677,
      1.812766,
      2.475801,
      1.928246,
      2.274873,
      2.209382,
      -0.461365,
      -1.245378,
      -0.502798,
      -1.407225,
      -0.332323,
      -0.452901,
      -0.747763,
      -1.566138,
      -0.645396,
      -0.094211,
      -0.377111,
      -0.438467,
      -0.572696,
      -0.026398,
      -0.397034,
      -0.568311,
      -0.675906,
      -0.600128,
      -1.043255,
      -0.617986,
      -0.413662,
      -1.584982,
      -0.718695,
      -1.250645,
      -0.810024,
      0.199525,
      -0.10404,
      -0.918209,
      -0.64545,
      -1.295886,
      -0.544347,
      -0.366272,
      -0.989437,
      -0.655248,
      -1.273482,
      -0.428238,
      -0.188234,
      -0.727318,
      -1.478593,
      -1.281125,
      1.860867,
      1.652157,
      1.405773,
      2.162439,
      1.792803,
      -0.752778,
      -1.838258,
      -0.804398,
      -0.806848,
      -0.548982,
      -0.534682,
      -0.482969,
      -1.265604,
      -0.774174,
      -0.666119,
      -0.513898,
      -0.593048,
      -0.375329,
      -0.482467,
      -0.760601,
      -0.547271,
      -0.81983,
      -0.589705,
      0.136837,
      -0.434126,
      -0.316265,
      -0.77994,
      -0.507565,
      -0.240657,
      -0.159966,
      -0.468512,
      -0.306959,
      -0.355924,
      -0.931945,
      0.04297,
      -0.439132,
      0.751411,
      -0.08524,
      -0.176915,
      -0.618536,
      -0.33229,
      -0.02491,
      -0.12914,
      -0.556866,
      1.797868,
      2.17786,
      2.399061,
      2.533049,
      2.262549,
      2.575243,
      -0.348785,
      0.218972,
      -0.249857,
      0.500942,
      -0.383292,
      -0.47606,
      -0.272708,
      -0.813302,
      -0.477926,
      -0.140902,
      -0.868487,
      -0.045547,
      0.149086,
      -0.274762,
      -0.084394,
      0.161066,
      -0.947645,
      0.158802,
      -0.07555,
      -0.13154,
      0.137183,
      -0.780666,
      0.229191,
      -0.708079,
      -0.443166,
      -0.10854,
      -0.046953,
      -0.670351,
      -0.822401,
      -0.563463,
      -0.631435,
      0.552154,
      -0.882136,
      0.219364,
      -0.650912,
      -0.622754,
      -0.603147,
      -0.149349,
      -0.404912,
      2.051702,
      2.377753,
      2.042673,
      2.363858,
      2.394445,
      -0.335189,
      0.048535,
      -0.241767,
      -0.340043,
      -0.62397,
      -0.123322,
      -0.67631,
      -0.308106,
      -0.39469,
      -0.398726,
      0.017081,
      -0.529947,
      -0.137672,
      0.406935,
      -1.039945,
      0.012988,
      -0.542066,
      0.003911,
      0.039064,
      -0.617971,
      -0.144947,
      -0.349922,
      -0.755554,
      0.086341,
      -0.081027,
      0.262344,
      -1.09925,
      -0.753148,
      -0.705695,
      -1.043202,
      -0.178608,
      -0.63125,
      -0.434133,
      -0.414178,
      -0.069022,
      0.039095,
      -0.204503,
      0.126503,
      0.096741,
      -0.216635,
      2.242942,
      2.226399,
      2.309169,
      1.953546,
      2.836262,
      -0.329971,
      -0.230428,
      -0.903685,
      0.128032,
      -0.950217,
      -0.699878,
      -0.300863,
      -0.771231,
      0.007521,
      -0.573563,
      -0.294114,
      0.237584,
      -0.171006,
      -0.054571,
      -0.296923,
      -0.63868,
      -0.056903,
      -0.31229,
      0.212732,
      -0.045469,
      -0.322584,
      -0.144957,
      -0.665277,
      -0.517278,
      -0.577379,
      -0.268392,
      0.073234,
      0.056224,
      -0.363023,
      -0.344021,
      -0.572408,
      -0.214397,
      -0.811084,
      -0.153099,
      -0.047946,
      0.396285,
      -0.573316,
      0.092749,
      -0.189181,
      -0.05211,
      2.094375,
      2.271168,
      2.129051,
      2.26061,
      2.162449,
      0.130591,
      0.002518,
      -0.013772,
      0.469326,
      -0.308318,
      -0.250627
    ],