{
  "sample_id": 81,
  "original_data": {
    "time_series": [
      -0.707462,
      -0.923672,
      -1.15676,
      -1.763381,
      -3.0,
      -1.64496,
      -1.815613,
      0.594439,
      0.295668,
      1.497309,
      -0.261542,
      -1.381442,
      -1.265311,
      -1.016268,
      0.852895,
      -0.020178,
      -2.412621,
      -0.219252,
      0.08178,
      -0.595749,
      0.656364,
      0.334981,
      1.538975,
      -0.131102,
      1.252961,
      -0.075157,
      0.729237,
      0.244071,
      -0.172622,
      -0.567213,
      1.056028,
      -0.288113,
      0.778966,
      1.738669,
      -0.080176,
      1.543116,
      1.6798,
      0.983256,
      0.042608,
      0.270478,
      0.612979,
      -0.985888,
      -0.440811,
      -0.775769,
      -0.12449,
      -1.66288,
      0.302061,
      -0.314626,
      1.728544,
      -0.978044,
      0.877256,
      0.911486,
      0.183968,
      1.551686,
      -0.253839,
      1.714715,
      -0.633576,
      0.540914,
      -0.401636,
      -0.042205,
      -1.42792,
      -0.224351,
      0.327287,
      -1.237882,
      -0.570309,
      -0.282342,
      -0.186447,
      0.713684,
      0.414303,
      2.448558,
      1.02229,
      1.627954,
      0.742016,
      0.439524,
      -0.868831,
      -1.275398,
      -1.014895,
      -0.900186,
      -2.712113,
      -0.930882,
      -0.926275,
      -0.650611,
      -1.805307,
      -1.983026,
      -0.526877,
      0.694455,
      0.094658,
      -0.201068,
      0.494795,
      -0.403539,
      2.9675,
      -0.107543,
      1.315764,
      -0.420437,
      1.153039,
      2.212504,
      -0.10638,
      2.039872,
      0.294102,
      1.277462
    ],
    "normal_series": [
      -0.707462,
      -0.923672,
      -1.15676,
      -1.763381,
      -3.0,
      -1.64496,
      -1.815613,
      -0.523767,
      -0.06168,
      1.818962,
      0.593063,
      -0.165,
      0.155244,
      0.492741,
      2.389698,
      1.534362,
      -0.818524,
      1.441589,
      1.829646,
      1.207352,
      2.440456,
      1.994269,
      2.959257,
      0.956646,
      1.962166,
      0.273674,
      0.852805,
      0.38137,
      -0.021593,
      -0.402455,
      1.234516,
      -0.109624,
      0.854404,
      1.738669,
      -0.054972,
      1.375048,
      1.302934,
      0.619,
      -0.359463,
      -0.031075,
      0.411943,
      -1.086406,
      -0.440811,
      -0.775769,
      -0.12449,
      -1.66288,
      0.302061,
      -0.314626,
      1.728544,
      -0.978044,
      0.189975,
      0.556701,
      0.174631,
      1.870964,
      0.372774,
      2.648415,
      0.637775,
      2.196435,
      1.664006,
      2.395524,
      1.250439,
      2.472185,
      2.769178,
      0.486863,
      0.69474,
      0.301178,
      -0.14306,
      0.469349,
      0.162786,
      2.260517,
      1.257853,
      1.887846,
      0.95757,
      0.480206,
      -0.868831,
      -1.377827,
      -1.014895,
      -0.900186,
      -2.712113,
      -0.930882,
      -0.926275,
      -0.829739,
      -1.805307,
      -1.983026,
      -0.526877,
      0.694455,
      0.094658,
      -0.201068,
      0.494795,
      -0.403539,
      2.9675,
      -0.107543,
      1.315764,
      -0.420437,
      1.153039,
      2.212504,
      -0.10638,
      2.039872,
      0.294102,
      1.277462
    ]
  },
  "windows": [
    {
      "window_range": {
        "start": 11,
        "end": 48
      },
      "anomaly_descriptions": [
        "A local slow decline followed by rapid rise anomaly, with a decline amplitude of 1.55",
        "A local rapid rise followed by slow decline anomaly, with a rise amplitude of 3.50"
      ],
      "question": "Which of the following best describes the combination of anomalous patterns present within the window from step 11 to 48, taking into account the window boundaries and sequence of events?\n\nA) The window contains both a gradual downward trend that abruptly reverses into a sharp upward movement, as well as a sudden upward jump followed by a gradual decrease, both localized within the window.  \nB) The entire window exhibits a stable pattern with minor fluctuations around a consistent mean, indicating normal behavior without anomalies.  \nC) The window is characterized by frequent abrupt spikes and drops at random intervals, with no consistent sequence or recovery pattern observed.  \nD) The window displays a single persistent drift upward, starting from the lower boundary and continuing steadily to the upper boundary, without reversals or notable declines.",
      "answer": "A) The window contains both a gradual downward trend that abruptly reverses into a sharp upward movement, as well as a sudden upward jump followed by a gradual decrease, both localized within the window.\n\nExplanation:  \nThe time series window exhibits two distinct anomalous patterns. First, there is a local slow decline (from positive values toward a minimum of -2.41), followed by a rapid rise (to 1.54), indicating a sharp reversal. Second, a rapid upward movement (from -0.60 to 1.54 and higher) is followed by a slow decline back toward negative values, demonstrating a classic rapid rise/slow decline anomaly. These patterns are localized within the window, with significant deviations from normal values, and do not reflect simple noise or persistent trends. Their presence indicates notable, structured anomalies impacting the overall series behavior.",
      "question_type": "multiple_choice",
      "has_anomaly": true
    },
    {
      "window_range": {
        "start": 85,
        "end": 100
      },
      "anomaly_descriptions": [],
      "question": "Which conclusion is most appropriate when analyzing the time series from step 85 to 100 for anomalies?\n\nA) The window suggests a sudden, sharp deviation from the prevailing trend, indicating a likely anomaly.  \nB) The window displays an oscillating pattern with irregular spikes, which is characteristic of anomalous periods.  \nC) The window maintains consistent and expected behavior, providing no evidence of anomalies within its boundaries.  \nD) The window reveals an abrupt shift in average values, signaling a possible onset of an anomaly at its edge.",
      "answer": "C) The window maintains consistent and expected behavior, providing no evidence of anomalies within its boundaries. The current_value data from steps 85 to 100 shows some fluctuations, including occasional higher values (e.g., 2.97 and 2.21), but these are not outside the normal range for this series and do not represent unexpected spikes or sustained deviations. The pattern overall is variable but typical for this time series, lacking abrupt shifts, persistent outliers, or irregular oscillations that would signal anomalous behavior. Thus, the window is consistent with normal operation.",
      "question_type": "multiple_choice",
      "has_anomaly": false
    }
  ]
}