{
  "sample_id": 36,
  "original_data": {
    "time_series": [
      -0.755087,
      -0.769526,
      -0.771084,
      -0.767189,
      -0.769636,
      3.0,
      2.999911,
      2.99903,
      2.995223,
      2.981732,
      2.983988,
      2.977708,
      2.975418,
      2.982293,
      2.97236,
      2.967857,
      2.969136,
      2.966102,
      2.975512,
      2.971393,
      2.952977,
      2.966718,
      2.961499,
      2.956516,
      -0.813736,
      -0.820175,
      -0.816238,
      -0.824562,
      -0.829756,
      -0.827972,
      -0.833729,
      -0.820604,
      -0.839522,
      -0.832141,
      -0.832689,
      -0.838627,
      -0.834897,
      -0.84444,
      -0.841985,
      -0.856436,
      -0.846013,
      -0.852246,
      -0.852205,
      -0.864646,
      -0.871195,
      -0.857275,
      -0.86228,
      -0.866433,
      -0.872569,
      -0.868491,
      -0.87477,
      -0.868047,
      -0.875537,
      -0.882296,
      -0.874884,
      -0.879984,
      -0.887245,
      -0.88461,
      -0.885918,
      -0.896227,
      -0.882701,
      -0.898612,
      -0.88625,
      -0.897899,
      -0.89689,
      -0.903291,
      -0.901651,
      -0.91042,
      -0.915173,
      -0.911827,
      -0.915804,
      -0.909286,
      -0.913647,
      -0.91731,
      -0.912893,
      2.836526,
      2.846051,
      2.845639,
      2.835413,
      2.835408,
      2.83159,
      2.831639,
      2.834805,
      2.823786,
      2.831859,
      2.817385,
      2.813166,
      2.821233,
      2.818089,
      2.817452,
      2.808858,
      2.816252,
      2.806764,
      2.808821,
      2.803216,
      -0.963766,
      -0.972351,
      -0.969394,
      -0.981011,
      -0.979939,
      -0.991867,
      -0.980905,
      -0.984038,
      -0.983788,
      -0.984231,
      -0.987001,
      -0.985932,
      -0.995544,
      -0.986229,
      -0.996282,
      -1.000428,
      -1.006899,
      -1.004871,
      -1.002101,
      -1.00644,
      -1.015208,
      -1.012319,
      -1.024984,
      -1.009069,
      -1.027055,
      -1.025672,
      -1.028571,
      -1.022845,
      -1.034828,
      -1.037966,
      -1.038764,
      -1.019617,
      -1.028697,
      -1.031433,
      -1.044388,
      -1.041673,
      -1.043322,
      -1.050677,
      -1.048325,
      -1.052997,
      -1.054184,
      -1.056732,
      -1.064207,
      -1.058383,
      -1.060149,
      -1.057519,
      -1.054249,
      -1.068691,
      -1.071934,
      -1.074776,
      -1.072846,
      2.697779,
      2.692141,
      2.690352,
      2.685054,
      2.682196,
      2.687161,
      2.682003,
      2.677226,
      2.678563,
      2.673274,
      2.670932,
      2.666848,
      2.658553,
      2.653122,
      2.661244,
      2.665335,
      2.648344,
      2.653841,
      2.656587,
      -1.116789,
      -1.125652,
      -1.118,
      -1.12157,
      -1.136728,
      -1.138157,
      -1.122958,
      -1.137613,
      -1.13474,
      -1.147267,
      -1.139901,
      -1.148141,
      -1.149326,
      -1.145156,
      -1.150302,
      -1.156977,
      -1.155495,
      -1.146882,
      -1.156626,
      -1.154998,
      -1.153842,
      -1.164968,
      -1.158396,
      -1.168883,
      -1.171214,
      -1.175033,
      -1.181481,
      -1.162635,
      -1.184786,
      -1.189008,
      -1.186063,
      -1.183078,
      -1.17755,
      -1.179474,
      -1.191848,
      -1.194564,
      -1.193544,
      -1.198988,
      -1.198648,
      -1.205909,
      -1.197411,
      -1.210612,
      -1.202423,
      -1.210009,
      -1.21232,
      -1.21332,
      -1.218494,
      -1.22665,
      -1.222952,
      -1.222676,
      -1.228736,
      2.543432,
      2.538131,
      2.535939,
      2.526879,
      2.532222,
      2.528019,
      2.530082,
      2.521179,
      2.522883,
      2.517586,
      2.517779,
      2.517913,
      2.506778,
      2.510594,
      2.525223,
      2.503539,
      2.509713,
      2.505936,
      2.504435,
      -1.273823,
      -1.267212,
      -1.27562,
      -1.277629,
      -1.279364,
      -1.277418,
      -1.278249,
      -1.295379,
      -1.297267,
      -1.29428,
      -1.291038,
      -1.298093,
      -1.293836,
      -1.295476,
      -1.300827,
      -1.297942,
      -1.300532,
      -1.302478,
      -1.320814,
      -1.309743,
      -1.322453,
      -1.305803,
      -1.320911,
      -1.322272,
      -1.317654,
      -1.324762,
      -1.324631,
      -1.323241,
      -1.332137,
      -1.328005,
      -1.328404,
      -1.338406,
      -1.338019,
      -1.342985,
      -1.339456,
      -1.344802,
      -1.348257,
      -1.349663,
      -1.364111,
      -1.351797,
      -1.346657,
      -1.362966,
      -1.361607,
      -1.355053,
      -1.367431,
      -1.363771,
      -1.372382,
      -1.368121,
      -1.369766,
      -1.37269,
      -1.371774,
      2.386304,
      2.387651,
      2.397094,
      -2.887795,
      -2.889107,
      -2.882228,
      -2.884151,
      -2.895913,
      -2.900277,
      -2.899183,
      -2.898813,
      -2.898994,
      -2.900953,
      -2.908148,
      -2.91101,
      -2.911491,
      -2.917797,
      -2.915412,
      -2.915583,
      -2.924329,
      0.846906,
      0.84473,
      0.834611,
      0.84405,
      0.83854,
      0.839742,
      0.834299,
      0.828155,
      0.833668,
      0.835848,
      0.83464,
      0.826511,
      0.815984,
      0.819673,
      0.817559,
      0.806456,
      0.815894,
      0.806877,
      0.806043,
      0.804976,
      0.809504,
      0.803481,
      0.795185,
      0.798318,
      0.802664,
      0.800411,
      0.788332,
      0.78944,
      0.795749,
      0.776371,
      0.782718,
      0.786492,
      0.777538,
      0.777875,
      0.777349,
      0.769569,
      0.772629,
      0.77006,
      0.761058,
      0.772839,
      0.763807,
      0.763383,
      0.763025,
      0.749824,
      -1.516254,
      -1.514004,
      -1.51589,
      -1.520485,
      -1.53318,
      -1.527276,
      -1.526541,
      2.236901,
      2.233348,
      2.24677,
      2.23542,
      2.226966,
      2.232936,
      2.217126,
      2.2281,
      2.220107,
      2.21677,
      2.222422,
      2.205318,
      2.213943,
      2.207111,
      2.207048
    ],