{
  "sample_id": 118,
  "original_data": {
    "time_series": [
      0.127432,
      0.075786,
      0.091568,
      -0.016361,
      -0.068625,
      -0.113418,
      -0.163477,
      -0.196239,
      -0.239224,
      -0.274791,
      -0.313205,
      -0.354029,
      -0.391397,
      -0.418537,
      -0.445036,
      -0.488853,
      -0.516986,
      -0.542713,
      -0.566838,
      -0.600624,
      -0.614638,
      -0.657773,
      -0.681484,
      -0.69615,
      -0.711326,
      -0.739087,
      -0.7593,
      -0.7815,
      -0.794333,
      -0.815132,
      -0.827904,
      -0.85093,
      -0.854737,
      -0.877109,
      -0.887848,
      -0.902636,
      -0.906964,
      -0.916402,
      -0.92445,
      -0.942135,
      -0.942659,
      -0.94812,
      -0.961501,
      -0.96714,
      -0.97357,
      -0.977152,
      -0.98194,
      -0.992125,
      -0.99168,
      -0.992895,
      -1.017554,
      -1.000346,
      -1.01422,
      -1.008352,
      -1.013475,
      -1.012688,
      -1.022078,
      -1.017697,
      -1.017895,
      -1.017163,
      -1.016176,
      -1.025007,
      -1.026507,
      -1.026228,
      -0.976315,
      -0.921833,
      -0.871888,
      -0.820288,
      -0.761741,
      -0.711077,
      -0.653267,
      -0.589423,
      -0.59271,
      -0.574263,
      -0.559315,
      -0.538529,
      -0.526553,
      -0.498084,
      -0.482253,
      -0.463464,
      -0.427579,
      -0.404073,
      -0.369337,
      -0.345176,
      -0.317648,
      -0.285806,
      -0.250373,
      -0.213248,
      -0.17077,
      -0.125882,
      -0.086057,
      -0.050371,
      -0.010996,
      0.037505,
      0.080242,
      0.141458,
      0.176054,
      0.241671,
      0.291493,
      0.350173,
      0.394105,
      0.456509,
      0.513449,
      0.57239,
      0.64183,
      0.701184,
      0.712993,
      0.81501,
      0.882581,
      0.952823,
      1.02351,
      1.087781,
      1.157785,
      1.230467,
      1.293625,
      1.368692,
      1.450926,
      1.523819,
      1.595789,
      1.672181,
      1.752184,
      1.823561,
      1.905166,
      1.97627,
      2.06796,
      2.142238,
      2.229134,
      2.309658,
      2.392695,
      2.472802,
      2.567268,
      2.647936,
      2.737891,
      2.818104,
      2.910979,
      3.0
    ],
    "normal_series": [
      0.127432,
      0.075786,
      0.027356,
      -0.016361,
      -0.068625,
      -0.113418,
      -0.163477,
      -0.196239,
      -0.239224,
      -0.274791,
      -0.313205,
      -0.354029,
      -0.391397,
      -0.418537,
      -0.445036,
      -0.488853,
      -0.516986,
      -0.542713,
      -0.566838,
      -0.600624,
      -0.614638,
      -0.657773,
      -0.681484,
      -0.69615,
      -0.711326,
      -0.739087,
      -0.7593,
      -0.7815,
      -0.794333,
      -0.815132,
      -0.827904,
      -0.85093,
      -0.854737,
      -0.877109,
      -0.887848,
      -0.902636,
      -0.906964,
      -0.916402,
      -0.92445,
      -0.942135,
      -0.942659,
      -0.94812,
      -0.961501,
      -0.96714,
      -0.97357,
      -0.977152,
      -0.98194,
      -0.992125,
      -0.99168,
      -0.992895,
      -1.017554,
      -1.000346,
      -1.01422,
      -1.008352,
      -1.013475,
      -1.012688,
      -1.022078,
      -1.017697,
      -1.017895,
      -1.017163,
      -1.016176,
      -1.025007,
      -1.026507,
      -1.026228,
      -1.02644,
      -1.022083,
      -1.022263,
      -1.020788,
      -1.012366,
      -1.011826,
      -1.004141,
      -0.990422,
      -0.59271,
      -0.574263,
      -0.559315,
      -0.538529,
      -0.526553,
      -0.498084,
      -0.482253,
      -0.463464,
      -0.427579,
      -0.404073,
      -0.369337,
      -0.345176,
      -0.317648,
      -0.285806,
      -0.250373,
      -0.213248,
      -0.17077,
      -0.125882,
      -0.086057,
      -0.050371,
      -0.010996,
      0.037505,
      0.080242,
      0.141458,
      0.176054,
      0.241671,
      0.291493,
      0.350173,
      0.394105,
      0.456509,
      0.513449,
      0.57239,
      0.64183,
      0.701184,
      0.754218,
      0.81501,
      0.882581,
      0.952823,
      1.02351,
      1.087781,
      1.157785,
      1.230467,
      1.293625,
      1.368692,
      1.450926,
      1.523819,
      1.595789,
      1.672181,
      1.752184,
      1.823561,
      1.905166,
      1.97627,
      2.06796,
      2.142238,
      2.229134,
      2.309658,
      2.392695,
      2.472802,
      2.567268,
      2.647936,
      2.737891,
      2.818104,
      2.910979,
      3.0
    ]
  },
  "windows": [
    {
      "window_range": {
        "start": 91,
        "end": 115
      },
      "anomaly_descriptions": [
        "A local downward spike anomaly, with a sharp drop to amplitude 0.73"
      ],
      "question": "True or False: The sharp downward spike near the center of the window from step 91 to 115 suggests a deviation from the normal time series pattern, indicating the likely presence of an anomaly.",
      "answer": "True. The time series window from steps 91 to 115 predominantly displays a smooth, increasing trend, with current values closely tracking their normal counterparts. However, the mention of a sharp downward spike to amplitude 0.73 near the center of the window indicates a sudden, irregular deviation from the otherwise consistent upward progression. Such an abrupt drop is not characteristic of the normal pattern and signifies a local anomaly. This anomaly interrupts the expected trend, highlighting a significant, short-term irregularity in the data that could be important for further investigation or monitoring.",
      "question_type": "true_false",
      "has_anomaly": true
    },
    {
      "window_range": {
        "start": 24,
        "end": 54
      },
      "anomaly_descriptions": [],
      "question": "There is evidence of anomalous behavior within the time series window spanning steps 24 to 54. True or False?",
      "answer": "False. The time series window from steps 24 to 54 shows a consistent, gradual downward trend in current_value, moving from -0.71 to around -1.01. There are no abrupt spikes, irregular fluctuations, or deviations from the established pattern. Each step shows a small, steady decrease, indicating a smooth and stable trend rather than anomalous behavior. The values closely follow their corresponding normal_value counterparts, further supporting the absence of anomalies. This pattern suggests normal, predictable behavior within the analyzed window.",
      "question_type": "true_false",
      "has_anomaly": false
    }
  ]
}