{
  "sample_id": 41,
  "original_data": {
    "time_series": [
      0.723437,
      0.791029,
      0.797583,
      0.799959,
      0.848208,
      0.908226,
      0.969438,
      1.003208,
      1.071013,
      1.102723,
      1.179541,
      1.22836,
      1.292902,
      1.369663,
      1.438006,
      1.455878,
      1.505671,
      1.577657,
      1.620851,
      1.587742,
      1.634908,
      1.66477,
      1.667997,
      1.696412,
      1.670092,
      1.653192,
      1.663161,
      1.693491,
      1.675883,
      1.640301,
      1.640485,
      1.65166,
      1.659239,
      1.651013,
      1.68253,
      1.703509,
      1.698791,
      1.731429,
      1.778181,
      1.777663,
      1.817618,
      1.876333,
      1.91122,
      1.923413,
      1.937376,
      2.000414,
      2.016933,
      2.069554,
      2.048152,
      2.111818,
      2.073321,
      2.071492,
      2.036892,
      2.064411,
      2.004108,
      1.990261,
      1.943192,
      1.891485,
      1.781458,
      1.736179,
      1.638316,
      1.566298,
      1.49044,
      1.418038,
      1.239816,
      1.217004,
      1.135637,
      1.028087,
      0.885147,
      0.835025,
      0.779809,
      0.686,
      0.652328,
      0.612419,
      0.553074,
      0.529642,
      0.499117,
      0.465154,
      0.51866,
      0.530998,
      0.511497,
      0.572817,
      0.609867,
      0.62541,
      0.682858,
      0.755251,
      0.776347,
      0.883354,
      0.936981,
      0.971762,
      1.031938,
      1.067457,
      1.128534,
      1.163103,
      1.201584,
      1.238456,
      1.264074,
      1.303225,
      1.298419,
      1.294359,
      1.295008,
      1.300038,
      1.230068,
      1.294692,
      1.272029,
      1.250388,
      1.278677,
      1.284585,
      1.211636,
      1.255318,
      1.252281,
      1.23752,
      1.254566,
      1.245988,
      1.257231,
      1.277333,
      1.34578,
      1.357702,
      1.41595,
      1.420897,
      1.415974,
      1.498394,
      1.442869,
      1.489983,
      1.532997,
      1.518129,
      1.56749,
      1.566972,
      1.540707,
      1.525042,
      1.479964,
      1.475166,
      1.422413,
      1.411588,
      1.31434,
      1.260189,
      1.156983,
      1.106919,
      0.981233,
      0.93064,
      0.83149,
      0.741268,
      0.607729,
      0.517699,
      0.39642,
      0.319867,
      0.242102,
      0.173301,
      0.105452,
      0.033801,
      -0.006244,
      -0.073436,
      -0.098879,
      -0.157834,
      -0.165682,
      -0.186228,
      -0.13853,
      -0.146555,
      -0.146061,
      -0.100754,
      -0.059814,
      0.025294,
      0.044353,
      0.065806,
      0.114574,
      0.191953,
      0.234246,
      0.260152,
      0.324487,
      0.34797,
      0.413657,
      0.42133,
      0.471452,
      0.463499,
      0.472966,
      0.48867,
      0.511814,
      0.498777,
      0.480685,
      0.450381,
      0.460867,
      0.444756,
      0.397175,
      0.325916,
      0.400167,
      0.332378,
      0.44592,
      0.425527,
      0.346679,
      0.329997,
      0.327768,
      0.343757,
      0.378252,
      0.340843,
      0.343206,
      0.406435,
      0.390617,
      0.380572,
      0.417171,
      0.452926,
      0.461685,
      0.488401,
      0.504315,
      0.487847,
      0.50652,
      0.482126,
      0.471524,
      0.450301,
      0.411348,
      0.328637,
      0.344446,
      0.233923,
      0.1818,
      0.055241,
      0.063684,
      -0.076072,
      -0.162191,
      -0.243469,
      -0.352629,
      -0.465271,
      -0.566191,
      -0.638883,
      -0.778028,
      -0.858234,
      -0.884442,
      -1.050467,
      -1.143288,
      -1.09148,
      -1.202351,
      -1.252259,
      -1.270822,
      -1.359133,
      -1.388162,
      -1.285136,
      -1.347387,
      -1.387302,
      -1.279236,
      -1.248725,
      -1.234181,
      -1.167631,
      -1.256754,
      -1.086656,
      -1.090799,
      -1.079119,
      -1.062504,
      -0.869682,
      -0.955754,
      -0.883084,
      -0.8974,
      -0.867372,
      -0.885874,
      -0.793958,
      -0.853523,
      -0.851138,
      -0.854731,
      -0.913376,
      -0.827645,
      -0.887973,
      -0.836012,
      -0.901064,
      -0.985774,
      -0.948097,
      -1.044808,
      -1.029687,
      -1.020398,
      -1.035478,
      -1.065219,
      -0.939206,
      -1.062901,
      -0.958656,
      -1.021991,
      -0.963671,
      -0.93658,
      -0.951008,
      -0.941624,
      -0.836236,
      -0.890533,
      -0.934402,
      -0.824127,
      -0.898971,
      -0.768899,
      -0.801721,
      -0.751373,
      -0.905169,
      -0.81766,
      -0.875816,
      -0.939846,
      -0.96046,
      -1.058935,
      -1.081151,
      -1.144557,
      -1.247172,
      -1.294852,
      -1.393758,
      -1.519324,
      -1.557708,
      -1.687924,
      -1.758431,
      -1.861781,
      -1.955617,
      -2.075726,
      -2.482847,
      -2.610427,
      -2.693415,
      -2.751872,
      -2.786842,
      -2.879773,
      -2.934443,
      -2.969011,
      -2.981605,
      -2.947144,
      -3.0,
      -2.957048,
      -2.960287,
      -2.98058,
      -2.923855,
      -2.887079,
      -2.876132,
      -2.800481,
      -2.781039,
      -2.784143,
      -2.729933,
      -2.664356,
      -2.63628,
      -2.59629,
      -2.57331,
      -2.562986,
      -2.59177,
      -2.58025,
      -2.553715,
      -2.561949,
      -2.599408,
      -2.598872,
      -2.597993,
      -2.630838,
      -2.621622,
      -2.704976,
      -2.715815,
      -2.767822,
      -2.770014,
      -2.809233,
      -2.801183,
      -2.848503,
      -2.834081,
      -2.84546
    ],