{
  "sample_id": 141,
  "original_data": {
    "time_series": [
      -0.800246,
      -1.116016,
      -0.168214,
      -0.072517,
      -2.081202,
      -0.263209,
      -0.634503,
      -1.883876,
      -0.316694,
      -0.476826,
      -0.390762,
      0.028812,
      -0.92219,
      -1.163166,
      -0.635273,
      0.203572,
      -0.724079,
      0.427475,
      -0.116283,
      -0.147171,
      -0.486728,
      -1.573114,
      -0.582956,
      0.510177,
      0.907307,
      -0.332714,
      -1.56707,
      -1.163293,
      0.839037,
      -0.039738,
      -0.814178,
      -0.689328,
      -1.794915,
      -1.412053,
      0.092742,
      0.181924,
      -0.929167,
      -1.030386,
      -1.275735,
      -1.389928,
      0.400396,
      -1.807874,
      -1.623849,
      -2.100761,
      -1.167366,
      -1.418745,
      -0.47106,
      -2.593307,
      -0.559923,
      -0.654476,
      -0.472601,
      -1.711299,
      -1.104341,
      0.145093,
      0.580157,
      -0.550054,
      -0.253715,
      -0.717202,
      1.032059,
      -0.502706,
      0.843744,
      0.145396,
      2.060859,
      0.698155,
      0.994086,
      0.776455,
      1.095803,
      1.627996,
      1.805936,
      2.202085,
      2.806402,
      2.988273,
      2.488398,
      1.204653,
      2.607769,
      2.776378,
      2.140764,
      3.0,
      2.915533,
      1.153956,
      1.47578,
      2.425138,
      1.265068,
      0.411178,
      0.672555,
      1.624593,
      0.602397,
      0.541312,
      0.6205,
      -0.879063,
      0.175087,
      -1.003379,
      -0.617291,
      -0.410441,
      -1.149654,
      -1.327536,
      -1.40483
    ],
    "normal_series": [
      -0.800246,
      -1.116016,
      -0.168214,
      -0.072517,
      -2.081202,
      -0.263209,
      -0.634503,
      -1.883876,
      -0.316694,
      -0.476826,
      -0.390762,
      0.028812,
      -0.92219,
      -1.163166,
      -0.635273,
      0.203572,
      -0.724079,
      0.427475,
      -0.116283,
      -0.147171,
      -0.486728,
      -1.573114,
      -0.584591,
      0.494105,
      0.880053,
      -0.367431,
      -1.605499,
      -1.202065,
      0.802557,
      -0.072273,
      -0.842217,
      -0.713388,
      -1.816414,
      -1.433019,
      0.092742,
      0.181924,
      -0.929167,
      -1.030386,
      -1.275735,
      -1.389928,
      0.400396,
      -1.807874,
      -1.623849,
      -2.100761,
      -1.167366,
      -1.418745,
      -0.47106,
      -2.593307,
      -0.559923,
      -0.654476,
      -0.472601,
      -1.711299,
      -1.104341,
      0.145093,
      0.580157,
      -0.550054,
      -0.253715,
      -0.717202,
      1.032059,
      -0.502706,
      0.843744,
      0.145396,
      2.060859,
      0.698155,
      0.994086,
      0.776455,
      1.095803,
      1.627996,
      1.805936,
      2.202085,
      2.806402,
      2.988273,
      2.488398,
      1.204653,
      2.607769,
      2.776378,
      2.140764,
      3.0,
      2.915533,
      1.153956,
      1.47578,
      2.425138,
      1.265068,
      0.411178,
      0.672555,
      1.624593,
      0.602397,
      0.541312,
      0.6205,
      -0.879063,
      0.175087,
      -1.003379,
      -0.617291,
      -0.410441,
      -1.149654,
      -1.327536,
      -1.40483
    ]
  },
  "windows": [
    {
      "window_range": {
        "start": 22,
        "end": 53
      },
      "anomaly_descriptions": [],
      "question": "Considering the time series window from step 22 to 53 appears normal, what evidence would you look for within this window to determine if any subtle or atypical anomalies might be present, and how would the position of such anomalies relative to the window boundaries influence your analysis?",
      "answer": "A. To detect subtle or atypical anomalies within steps 22-53, I would examine for irregular spikes, sudden drops, or deviations in current_value compared to the normal_value, as well as any emerging micro-trends or abrupt shifts in variance. In this window, values oscillate around their normal counterparts with no significant outliers, abrupt jumps, or persistent drifts, indicating stability. The position of potential anomalies near window boundaries (steps 22 or 53) could make it harder to contextualize them, as preceding or subsequent data may be unavailable, potentially masking or exaggerating their impact. Overall, the pattern is consistent with normal behavior, with no evidence of subtle anomalies affecting the series.",
      "question_type": "open_ended",
      "has_anomaly": false
    },
    {
      "window_range": {
        "start": 22,
        "end": 47
      },
      "anomaly_descriptions": [],
      "question": "Which of the following best describes the pattern observed in the time series window from step 22 to 47 when assessing for anomalies?\n\nA) The data displays consistent behavior without any sudden deviations, indicating normalcy within the window.  \nB) The window shows repeated abrupt spikes, suggesting repeated transient anomalies.  \nC) There is a gradual upward trend, hinting at a potential long-term drift anomaly.  \nD) The window contains sudden drops followed by immediate recoveries, consistent with isolated anomalous events.",
      "answer": "A) The data displays consistent behavior without any sudden deviations, indicating normalcy within the window.  \nThe current_value data from steps 22 to 47 shows fluctuations typical of normal time series variation, with no sharp spikes, abrupt drops, or sustained trends. The values alternate between positive and negative, but changes are gradual and within expected ranges, matching the normal_value closely. This consistent pattern, along with the absence of significant irregularities or deviations, supports the conclusion that the window is free from anomalies and exhibits stable behavior.",
      "question_type": "multiple_choice",
      "has_anomaly": false
    }
  ]
}