{
  "sample_id": 39,
  "original_data": {
    "time_series": [
      0.837032,
      3.0,
      2.933495,
      2.984542,
      2.931268,
      2.9838,
      2.995366,
      0.853243,
      0.833912,
      0.78731,
      0.832928,
      0.758434,
      0.741469,
      0.700264,
      0.752802,
      0.748425,
      0.757713,
      0.711948,
      0.623548,
      0.659591,
      0.670676,
      0.668776,
      0.673403,
      0.671591,
      0.605291,
      0.588705,
      0.595582,
      0.582989,
      0.533179,
      0.531181,
      0.491384,
      0.433596,
      0.449626,
      0.357937,
      0.350241,
      0.347664,
      0.326382,
      0.30169,
      0.29965,
      0.640246,
      0.630444,
      0.638411,
      0.571703,
      0.615617,
      0.612673,
      0.658256,
      0.638346,
      0.647465,
      0.570269,
      0.64997,
      0.604819,
      0.640746,
      0.670194,
      0.608972,
      2.716811,
      2.783281,
      2.817837,
      2.829147,
      2.81045,
      0.649727,
      0.681406,
      0.65779,
      0.720851,
      0.693918,
      0.750923,
      0.784009,
      0.736897,
      0.824134,
      0.834069,
      0.906245,
      0.481384,
      0.487694,
      0.451922,
      0.438229,
      0.480863,
      0.488441,
      0.450984,
      0.398879,
      0.382824,
      0.413732,
      0.416376,
      0.428661,
      0.419495,
      0.39252,
      0.368929,
      0.363696,
      0.369382,
      0.328753,
      0.364524,
      0.346571,
      0.394931,
      0.387453,
      0.329289,
      0.375348,
      0.393488,
      0.278369,
      0.343736,
      0.354373,
      0.33208,
      0.316304,
      0.355871,
      0.326328,
      0.313882,
      0.343648,
      0.302172,
      0.289367,
      2.382553,
      2.421618,
      2.418328,
      2.463039,
      2.406318,
      2.42424,
      0.281678,
      0.212422,
      0.269713,
      0.291167,
      0.265639,
      0.201875,
      0.22634,
      0.253602,
      0.230872,
      0.196956,
      0.214161,
      0.201933,
      0.196984,
      0.207378,
      0.14834,
      0.182304,
      0.194302,
      0.2287,
      0.135053,
      0.144066,
      0.133157,
      0.144082,
      0.125927,
      0.178084,
      0.161854,
      0.124422,
      0.092405,
      0.115479,
      0.105382,
      0.073414,
      0.078723,
      0.141595,
      0.085469,
      0.116456,
      0.032661,
      0.017215,
      0.119158,
      0.070928,
      0.049085,
      0.081832,
      0.067299,
      0.07904,
      0.060122,
      0.051173,
      0.021308,
      0.089064,
      0.043511,
      2.143833,
      2.122006,
      2.141211,
      2.20691,
      2.110697,
      0.017683,
      -0.028496,
      -0.038819,
      -0.016726,
      0.007989,
      -0.01015,
      -0.076847,
      -0.018534,
      -0.005673,
      -0.053771,
      -0.056947,
      -0.043873,
      -0.07313,
      -0.035134,
      0.003063,
      -0.024021,
      -0.134831,
      -0.069025,
      -0.065052,
      -0.029971,
      -0.098734,
      -0.076258,
      -0.116635,
      -0.127008,
      -0.121441,
      -0.120051,
      -0.113682,
      -0.126888,
      -0.11314,
      -0.099371,
      -0.093332,
      -0.152236,
      -0.10785,
      -0.149729,
      -0.155504,
      -0.161954,
      -0.138395,
      -0.140134,
      -0.145585,
      -0.183249,
      -0.204031,
      -0.174077,
      -0.111251,
      -0.133045,
      -0.110727,
      -0.211883,
      -0.23044,
      -0.207891,
      1.946901,
      1.973607,
      1.942214,
      1.885441,
      1.888418,
      -0.257059,
      -0.238708,
      -0.242228,
      -0.232013,
      -0.269592,
      -0.2747,
      -0.215321,
      -0.266128,
      -0.27121,
      -0.255235,
      -0.279575,
      -0.284731,
      -0.307546,
      -0.29645,
      -0.256431,
      -0.286382,
      -0.27794,
      -0.228308,
      -0.265462,
      -0.284581,
      -0.308075,
      -0.28361,
      -0.343025,
      -0.268773,
      -0.308044,
      -0.281432,
      -0.288848,
      -0.42075,
      -0.348188,
      -0.387669,
      -0.369408,
      -0.381219,
      -0.36194,
      -0.368146,
      -0.392849,
      -0.339161,
      -0.378787,
      -0.371405,
      -0.337414,
      -0.434813,
      -0.41251,
      -0.419545,
      -0.363192,
      -0.374959,
      -0.408224,
      -0.409636,
      -0.400881,
      1.752168,
      1.732675,
      1.658513,
      -1.201528,
      -1.28899,
      -1.304715,
      -1.324934,
      -1.2629,
      -1.288204,
      -1.292329,
      -1.233269,
      -1.321187,
      -1.244003,
      -1.31921,
      -1.284214,
      -1.382113,
      -1.318231,
      -1.286883,
      -1.354214,
      -1.31024,
      -1.269544,
      -1.31661,
      0.782451,
      0.826658,
      0.752802,
      0.789943,
      0.804177,
      0.784789,
      0.772131,
      0.710121,
      0.756395,
      0.754734,
      0.750127,
      0.850525,
      0.736408,
      0.780246,
      0.778678,
      0.725748,
      0.754517,
      0.719148,
      0.695641,
      0.724434,
      0.713839,
      0.733051,
      0.712117,
      0.751034,
      0.7429,
      0.691514,
      -1.391629,
      -1.446961,
      -1.482776,
      -0.614235,
      -0.528475,
      1.524293,
      1.520001,
      1.506626,
      1.577156,
      1.536358,
      -0.602935,
      -0.629333,
      -0.566023,
      -0.606616,
      -0.649329,
      -0.561741,
      -0.62318,
      -0.635028,
      -0.641065,
      -0.595325,
      -0.704245,
      -0.627831,
      -0.647912,
      -0.599966,
      -0.638672,
      -0.578289,
      -0.662967,
      -0.645409,
      -0.607359,
      -0.703822,
      -0.62301,
      -0.652933,
      -0.711408,
      -0.677712,
      -0.741189,
      -0.673197,
      -0.70593,
      -0.719479,
      -0.717604,
      -0.631999,
      -0.678794,
      -0.677271,
      -0.6422,
      -0.712106,
      -0.720165,
      -0.671058,
      -0.713718,
      -0.691587,
      -0.683128,
      -0.687304,
      -0.70519,
      -0.698761,
      -0.686813,
      -0.687741,
      -0.685907,
      -0.737462,
      -0.676407,
      1.442816,
      1.420172,
      1.38735,
      1.377284,
      1.350418,
      1.386049,
      -0.729376,
      -0.767655,
      -0.780797,
      -0.691466,
      -0.710082,
      -0.742273,
      -0.747917,
      -0.739549,
      -0.762703,
      -0.7285,
      -0.782563,
      -0.783,
      -0.779121,
      -0.765381,
      -0.744722,
      -0.731956,
      -0.76877,
      -0.75503,
      -0.714406,
      -0.833064,
      -0.759444,
      -0.771881,
      -0.80318,
      -0.801781,
      -0.786641,
      -0.807971,
      -0.769357,
      -0.784296,
      -0.829054,
      -0.791344,
      -0.810211,
      -0.778694,
      -0.833558,
      -0.772704,
      -0.807864,
      -0.80714,
      -0.782989,
      -0.775855,
      -0.790251,
      -0.820958,
      -0.80573,
      -0.770848,
      -0.817954,
      -0.844476,
      -0.829767,
      -0.787099,
      -0.804988,
      1.295861,
      1.34132,
      1.279274,
      1.338469,
      1.336198,
      -0.838946,
      -0.793427,
      -0.881343,
      -0.82161,
      -0.823145,
      -0.854231,
      -0.824068,
      -0.806975,
      -0.825213,
      -0.870678,
      -0.850352,
      -0.820094,
      -0.853467,
      -0.902214,
      -0.877449,
      -0.818241,
      -0.786463,
      -0.844882,
      -0.852014,
      -0.847234,
      -0.84237,
      -0.868906,
      -0.822464,
      -0.815744,
      -0.848392,
      -0.843898,
      -0.846823,
      -0.844306,
      -0.828592,
      -0.899051,
      -0.870021,
      -0.798721,
      -0.86417,
      -0.93909,
      -0.852057,
      -0.85461,
      -0.883006,
      -0.867975,
      -0.842517,
      -0.858375,
      -0.896409,
      -0.822106,
      -0.918829,
      -0.912574,
      -0.893595,
      -0.874614,
      -0.849852,
      -0.880778,
      1.346127,
      1.25531,
      1.249483,
      1.248012,
      1.284087,
      -0.896189,
      -0.858211,
      -0.887761,
