{
  "sample_id": 85,
  "original_data": {
    "time_series": [
      -0.97069,
      -0.931813,
      -0.796341,
      -0.867046,
      -0.81668,
      -0.719949,
      -0.785314,
      -0.803375,
      -0.689067,
      -0.628811,
      -0.496738,
      -0.442523,
      -0.443744,
      -0.433244,
      -0.514292,
      -0.579092,
      -0.648157,
      -0.623332,
      -0.58361,
      -0.487346,
      -0.373675,
      -0.35002,
      -0.24254,
      -0.298591,
      -0.250824,
      -0.261038,
      -0.229448,
      -0.293008,
      -0.291236,
      -0.155217,
      -0.204897,
      -0.111399,
      0.002508,
      -0.004199,
      0.104543,
      0.256685,
      0.340907,
      0.334523,
      0.545196,
      0.421765,
      0.514013,
      0.555168,
      0.485343,
      0.596545,
      0.540797,
      0.485968,
      0.517602,
      0.490737,
      0.449953,
      0.41182,
      0.475916,
      0.47624,
      0.449858,
      0.36784,
      0.388354,
      0.426382,
      0.437922,
      0.499584,
      0.554905,
      0.681582,
      0.646967,
      0.538899,
      0.564437,
      0.431203,
      0.389715,
      0.3371,
      0.438618,
      0.395682,
      1.013053,
      0.956554,
      0.921358,
      0.976628,
      0.962222,
      0.921566,
      0.752648,
      0.830779,
      0.850835,
      0.79847,
      0.696506,
      0.715827,
      0.607764,
      0.678402,
      0.637969,
      0.647453,
      0.629552,
      0.646654,
      0.647247,
      0.643395,
      0.626059,
      0.705851,
      0.634521,
      1.092967,
      1.067331,
      1.038074,
      1.040514,
      1.064975,
      0.844163,
      0.861433,
      0.890138,
      0.945158,
      0.89599,
      0.833621,
      0.814475,
      0.812261,
      0.770928,
      0.892603,
      0.835031,
      1.009817,
      0.971703,
      1.028579,
      0.929027,
      0.752835,
      0.711094,
      0.627148,
      0.636034,
      0.769027,
      0.654249,
      0.787697,
      0.826199,
      0.853156,
      0.816553,
      0.856927,
      0.718706,
      0.746558,
      0.777426,
      0.974138,
      0.819642,
      0.937353,
      0.922931,
      0.931728,
      1.042819,
      1.046301,
      1.158763,
      1.262324,
      1.305875,
      1.245105,
      1.319479,
      1.245603,
      1.222316,
      1.255009,
      1.245362,
      1.111569,
      1.044852,
      1.033434,
      0.98372,
      0.948581,
      0.822595,
      0.835968,
      0.828202,
      0.78768,
      0.72586,
      0.675989,
      0.654032,
      0.740789,
      0.716945,
      0.781079,
      0.74822,
      0.68481,
      0.707866,
      0.548024,
      0.410771,
      0.382199,
      0.416171,
      0.370379,
      0.325027,
      0.34795,
      0.344931,
      0.395909,
      0.302099,
      0.204084,
      0.14236,
      0.191755,
      0.142905,
      0.118119,
      0.133368,
      0.07349,
      0.096607,
      0.123836,
      0.107903,
      0.181189,
      0.335527,
      0.274467,
      0.317569,
      0.291084,
      0.185594,
      0.248111,
      0.186613,
      0.040561,
      0.140244,
      -0.071534,
      -0.177167,
      -0.238835,
      -0.308256,
      -0.324028,
      -0.496833,
      -0.44865,
      -0.441665,
      -0.496175,
      -0.602295,
      -0.709059,
      -0.765605,
      -0.724982,
      -0.749046,
      -0.706805,
      -0.729248,
      -0.771487,
      -0.905868,
      -1.033392,
      -1.104447,
      -1.24869,
      -1.363378,
      -1.380722,
      -1.369527,
      -1.371667,
      -1.360077,
      -1.37596,
      -1.544235,
      -1.538672,
      -1.621549,
      -1.706124,
      -1.71543,
      -1.819696,
      -1.788156,
      -1.806455,
      -1.827225,
      -1.85814,
      -1.810369,
      -1.88878,
      -1.844772,
      -1.906172,
      -1.855338,
      -1.897227,
      -1.899377,
      -2.002077,
      -2.00433,
      -1.94553,
      -2.239739,
      -2.266844,
      -2.385211,
      -2.447105,
      -2.511814,
      -2.611361,
      -2.681614,
      -2.755193,
      -2.740542,
      -2.853041,
      -3.0
    ],