{
  "sample_id": 28,
  "original_data": {
    "time_series": [
      0.246333,
      0.251139,
      0.227275,
      0.250333,
      0.256694,
      0.232205,
      0.243971,
      0.231312,
      0.248174,
      0.245275,
      0.251058,
      0.169867,
      0.172536,
      0.084278,
      0.04699,
      0.019574,
      -0.018583,
      -0.037963,
      -0.062047,
      -0.084976,
      -0.119037,
      -0.124426,
      -0.179654,
      -0.217366,
      -0.257671,
      -0.266829,
      -0.292692,
      -0.298416,
      -0.330782,
      -0.371831,
      -0.402149,
      -0.438755,
      -0.50285,
      -0.548965,
      -0.518961,
      0.910889,
      0.529221,
      -0.099518,
      -0.477563,
      -0.978292,
      -1.281232,
      -1.860381,
      -2.476601,
      -2.52892,
      -2.143268,
      -1.917549,
      -1.531323,
      -0.750983,
      -1.199738,
      -0.739415,
      -0.702505,
      -0.746147,
      -1.531974,
      -1.072759,
      -0.386767,
      0.244428,
      -0.34921,
      -1.000313,
      -1.37259,
      -1.824279,
      -2.283136,
      -1.828526,
      -1.286991,
      -1.066027,
      0.249536,
      0.242147,
      0.235947,
      0.231755,
      0.227855,
      0.230277,
      0.241266,
      0.235266,
      0.227469,
      0.242513,
      0.245669,
      0.241596,
      0.183399,
      0.16496,
      0.087838,
      0.046537,
      0.016114,
      0.0009,
      -0.033642,
      -0.06061,
      -0.073534,
      -0.10035,
      -0.114587,
      -0.19313,
      -0.213435,
      -0.25073,
      -0.272259,
      -0.297556,
      -0.322305,
      -0.328095,
      -0.36375,
      -0.404583,
      -0.451156,
      -0.481294,
      -0.538497,
      -0.514798,
      -0.478922,
      -0.094686,
      0.542094,
      0.893503,
      1.409033,
      1.717359,
      2.298858,
      2.909618,
      3.0,
      2.590745,
      2.372356,
      1.956115,
      1.163695,
      1.649594,
      1.161099,
      1.131461,
      1.184044,
      1.95798,
      1.537143,
      0.846841,
      0.218577,
      -0.370292,
      -1.004736,
      -1.398345,
      -1.808306,
      -2.29179,
      -1.847674,
      -1.28221,
      -1.047886,
      0.244434,
      0.232186,
      0.23691,
      0.236686,
      0.238041,
      0.233909,
      0.241757,
      0.257649,
      0.233073,
      0.227789,
      0.260041,
      0.226574,
      0.200469,
      0.171222,
      0.072386,
      0.053856,
      0.009133,
      -0.005766,
      -0.014846,
      -0.066662,
      -0.084916,
      -0.104635,
      -0.112843,
      -0.194092,
      -0.212375,
      -0.254795,
      -0.266938,
      -0.300926,
      -0.322386,
      -0.31915,
      -0.381115,
      -0.393026,
      -0.463549,
      -0.505601,
      -0.55582,
      -0.50932,
      -0.480477,
      -0.111152,
      0.536238,
      0.928754,
      1.413863,
      1.735707,
      2.294323,
      2.893821,
      2.981466,
      2.582279,
      2.363399,
      1.969521,
      1.166688,
      1.646525,
      1.158019,
      1.153876,
      1.174949,
      1.961364,
      1.500066,
      0.846083,
      0.236234,
      -0.355409,
      -1.009915,
      -1.385739,
      -1.823829,
      -2.29349,
      -1.848228,
      -1.299777,
      -1.069884,
      0.237778,
      0.239879,
      0.231406,
      0.254163,
      0.245171,
      0.250729,
      0.241016,
      0.235434,
      0.254188,
      0.243895,
      0.262859,
      0.252239,
      0.201936,
      0.160867,
      0.102777,
      0.047361,
      0.009778,
      -0.01075,
      -0.034708,
      -0.05988,
      -0.074699,
      -0.103594,
      -0.116742,
      -0.192173,
      -0.231108,
      -0.257498,
      -0.280579,
      -0.294992,
      -0.305951,
      -0.345891,
      -0.376524,
      -0.417895,
      -0.448773,
      -0.482338,
      -0.55043,
      -0.516265,
      -0.484718,
      -0.112435,
      0.533622,
      0.916622
    ],
    "normal_series": [
      0.246333,
      0.251139,
      0.227275,
      0.250333,
      0.256694,
      0.232205,
      0.243971,
      0.231312,
      0.248174,
      0.245275,
      0.251058,
      0.169867,
      0.172536,
      0.084278,
      0.04699,
      0.019574,
      -0.018583,
      -0.037963,
      -0.062047,
      -0.084976,
      -0.119037,
      -0.124426,
      -0.179654,
      -0.217366,
      -0.257671,
      -0.266829,
      -0.292692,
      -0.298416,
      -0.330782,
      -0.371831,
      -0.402149,
      -0.438755,
      -0.50285,
      -0.548965,
      -0.518961,
      -0.466588,
      -0.121924,
      0.543489,
      0.931262,
      1.403415,
      1.717442,
      2.285062,
      2.907367,
      3.000983,
      2.602122,
      2.37434,
      1.963024,
      1.16112,
      1.668301,
      1.158323,
      1.158072,
      1.192572,
      1.959091,
      1.52963,
      0.845467,
      0.244428,
      -0.34921,
      -1.000313,
      -1.37259,
      -1.824279,
      -2.283136,
      -1.828526,
      -1.286991,
      -1.066027,
      0.249536,
      0.242147,
      0.235947,
      0.231755,
      0.227855,
      0.230277,
      0.241266,
      0.235266,
      0.227469,
      0.242513,
      0.245669,
      0.241596,
      0.183399,
      0.16496,
      0.087838,
      0.046537,
      0.016114,
      0.0009,
      -0.033642,
      -0.06061,
      -0.073534,
      -0.10035,
      -0.114587,
      -0.19313,
      -0.213435,
      -0.25073,
      -0.272259,
      -0.297556,
      -0.322305,
      -0.328095,
      -0.36375,
      -0.404583,
      -0.451156,
      -0.481294,
      -0.538497,
      -0.514798,
      -0.478922,
      -0.094686,
      0.542094,
      0.893503,
      1.409033,
      1.717359,
      2.298858,
      2.909618,
      3.0,
      2.590745,
      2.372356,
      1.956115,
      1.163695,
      1.649594,
      1.161099,
      1.131461,
      1.184044,
      1.95798,
      1.537143,
      0.846841,
      0.218577,
      -0.370292,
      -1.004736,
      -1.398345,
      -1.808306,
      -2.29179,
      -1.847674,
      -1.28221,
      -1.047886,
      0.244434,
      0.232186,
      0.23691,
      0.236686,
      0.238041,
      0.233909,
      0.241757,
      0.257649,
      0.233073,
      0.227789,
      0.260041,
      0.226574,
      0.200469,
      0.171222,
      0.072386,
      0.053856,
      0.009133,
      -0.005766,
      -0.014846,
      -0.066662,
      -0.084916,
      -0.104635,
      -0.112843,
      -0.194092,
      -0.212375,
      -0.254795,
      -0.266938,
      -0.300926,
      -0.322386,
      -0.31915,
      -0.381115,
      -0.393026,
      -0.463549,
      -0.505601,
      -0.55582,
      -0.50932,
      -0.480477,
      -0.111152,
      0.536238,
      0.928754,
      1.413863,
      1.735707,
      2.294323,
      2.893821,
      2.981466,
      2.582279,
      2.363399,
      1.969521,
      1.166688,
      1.646525,
      1.158019,
      1.153876,
      1.174949,
      1.961364,
      1.500066,
      0.846083,
      0.236234,
      -0.355409,
      -1.009915,
      -1.385739,
      -1.823829,
      -2.29349,
      -1.848228,
      -1.299777,
      -1.069884,
      0.237778,
      0.239879,
      0.231406,
      0.254163,
      0.245171,
      0.250729,
      0.241016,
      0.235434,
      0.254188,
      0.243895,
      0.262859,
      0.252239,
      0.201936,
      0.160867,
      0.102777,
      0.047361,
      0.009778,
      -0.01075,
      -0.034708,
      -0.05988,
      -0.074699,
      -0.103594,
      -0.116742,
      -0.192173,
      -0.231108,
      -0.257498,
      -0.280579,
      -0.294992,
      -0.305951,
      -0.345891,
      -0.376524,
      -0.417895,
      -0.448773,
      -0.482338,
      -0.55043,
      -0.516265,
      -0.484718,
      -0.112435,
      0.533622,
      0.916622
    ]
  },
  "windows": [
    {
      "window_range": {
        "start": 42,
        "end": 81
      },
      "anomaly_descriptions": [],