{
  "sample_id": 97,
  "original_data": {
    "time_series": [
      1.453202,
      0.333685,
      0.754111,
      -0.64299,
      0.838125,
      -0.046478,
      1.269848,
      0.912112,
      0.596027,
      0.232532,
      1.520797,
      -1.17141,
      0.087812,
      -0.305784,
      0.074468,
      0.676588,
      -0.290504,
      0.997898,
      0.998832,
      1.277308,
      -1.275229,
      -0.409398,
      1.239958,
      -1.164923,
      -1.026038,
      0.740921,
      -0.712428,
      -0.544495,
      -0.854044,
      -0.080437,
      -0.826293,
      0.527695,
      -1.867907,
      -1.034525,
      -0.813401,
      -1.56645,
      -0.683396,
      -0.978638,
      0.258744,
      1.238499,
      -1.600035,
      2.350514,
      0.222585,
      0.348416,
      1.041446,
      -0.388099,
      -0.569981,
      0.344741,
      0.524446,
      -1.586125,
      0.687204,
      -1.185816,
      0.254133,
      0.506342,
      1.126685,
      -1.230213,
      -0.733541,
      0.457923,
      -0.657896,
      0.902274,
      -0.676861,
      0.116094,
      0.10108,
      1.042552,
      -2.147226,
      0.625243,
      0.472066,
      -0.314124,
      1.922508,
      -1.288931,
      -1.804262,
      -0.487749,
      1.320182,
      0.476515,
      3.0,
      1.166135,
      -0.245353,
      0.845827,
      -1.57612,
      1.727708,
      -1.369011,
      -0.460665,
      0.192632,
      -0.125793,
      -0.052553,
      1.597909,
      -1.56081,
      1.31653,
      0.054431,
      -0.686484,
      -0.184944,
      1.600287,
      0.630232,
      0.79344,
      0.671983,
      -0.756719,
      -0.290075,
      -1.37853,
      1.108976,
      -0.873818,
      0.157626,
      -0.866029,
      -1.381019,
      1.04838,
      -0.549504,
      0.108802,
      0.534724,
      2.047657,
      -0.049608,
      -0.365804,
      -0.814908,
      -2.116052,
      -1.870369,
      -0.451953,
      0.37355,
      -0.600856,
      -0.788314,
      -1.685865,
      0.287447,
      -1.207002,
      0.459367,
      -1.236992,
      -0.483508,
      1.010311,
      -0.708148,
      1.731752,
      0.721467,
      -0.670593,
      0.569838,
      0.41899,
      -0.315399,
      0.519464,
      -0.206984,
      -0.117853,
      -1.047419,
      0.030971,
      -1.599623,
      0.527459,
      0.522334,
      -0.504185,
      -0.525929,
      1.29935,
      0.273408,
      0.889023,
      0.948934,
      1.531423,
      1.18053,
      0.360215,
      0.165591,
      1.856001,
      -0.749796,
      -0.039918,
      0.801441,
      -0.827718,
      1.398223,
      -0.329776,
      0.46907,
      0.38884,
      1.857207,
      -1.204829,
      0.084837,
      -0.830291,
      1.102553,
      1.423673,
      -0.124008,
      -1.116887,
      -1.153584,
      0.698326,
      0.328805,
      1.488346,
      -0.939047,
      -1.100728,
      -1.480915,
      0.340549,
      -1.624876,
      0.600274,
      1.120625,
      0.524304,
      -1.825355,
      0.249546,
      2.033416,
      1.49224,
      -1.108695,
      -0.772178,
      0.864242,
      0.356684,
      1.563767,
      0.417016,
      -0.535019,
      -0.267579,
      -2.017799,
      -0.203747,
      0.904499,
      -0.395981,
      -1.365476,
      1.283854,
      -0.041497,
      -1.732874,
      1.884639,
      0.074753,
      1.466952,
      -1.285974,
      -0.069454,
      0.389913,
      1.233256,
      2.285176,
      -0.518054,
      -0.740322,
      0.983751,
      -0.307458,
      -1.15594,
      -0.70379,
      0.665075,
      -0.709343,
      -0.541903,
      0.882068,
      -2.064316,
      0.218108,
      -1.14786,
      -0.207183,
      1.880196,
      0.308007,
      -0.044264,
      -1.026899,
      0.239552,
      -1.048924,
      1.743621,
      -0.6558,
      0.133081,
      -0.019939,
      0.368113,
      -1.139976,
      -1.325394,
      -1.147847,
      0.113532,
      -0.251547,
      -0.305987,
      -0.427567,
      0.500253,
      1.729535,
      -0.494128,
      -1.090374,
      -1.81519,
      0.399361,
      -2.432805,
      -0.882732,
      -1.050764,
      -1.626204,
      1.435364,
      1.238766,
      -1.117283,
      -0.145579,
      -1.355953,
      1.048709,
      0.009726,
      0.037561,
      0.226824,
      -1.321236,
      -0.936095,
      0.458548,
      0.481652,
      0.246181,
      1.044141,
      -0.680402,
      0.062958,
      0.226183,
      1.429811,
      1.405335,
      -1.552207,
      -0.67414,
      0.382427,
      -0.755475,
      1.34014,
      0.76271,
      -0.219162,
      1.234595,
      -1.341255,
      -0.783255,
      0.590708,
      -1.335593,
      -0.033627,
      -0.194825,
      -1.648772,
      0.243794,
      0.359912,
      -0.307502,
      -0.520232,
      -0.169208,
      -0.495664,
      -0.38107,
      1.736302,
      -0.931538,
      1.314304,
      -0.217146,
      1.326364,
      0.558374,
      0.277884,
      1.251969,
      0.658814
    ],