{
  "sample_id": 68,
  "original_data": {
    "time_series": [
      -1.461727,
      -1.479466,
      -1.47873,
      -1.457823,
      -1.419682,
      -1.367635,
      -1.307417,
      -1.245596,
      -1.189226,
      -1.142297,
      -1.108082,
      -1.087255,
      -1.078572,
      -1.079201,
      -1.08453,
      -1.087192,
      -1.082001,
      -1.063737,
      -1.031946,
      -0.984096,
      -0.923182,
      -0.855358,
      -0.785467,
      -0.722434,
      -0.671431,
      -0.641717,
      -0.638376,
      -0.661503,
      -0.686427,
      -0.765234,
      -0.864609,
      -0.977101,
      -1.096229,
      -1.215345,
      -1.326177,
      -1.424132,
      -1.507518,
      -1.572713,
      -1.622353,
      -1.657162,
      -1.67863,
      -1.6906,
      -1.694335,
      -1.692791,
      -1.687059,
      -1.678147,
      -1.665125,
      -1.649344,
      -1.630304,
      -1.607271,
      -1.584427,
      -1.561528,
      -1.540254,
      -1.524802,
      -1.515879,
      -1.517122,
      -1.526163,
      -1.544803,
      -1.56889,
      -1.596964,
      -1.622992,
      -1.64293,
      -1.651715,
      -1.646956,
      -1.625369,
      -1.585864,
      -1.532547,
      -1.469241,
      -1.398336,
      -1.32742,
      -1.263499,
      -1.213936,
      -1.182649,
      -1.171413,
      -1.180403,
      -1.206821,
      -1.246185,
      -1.289416,
      -1.331711,
      -1.364131,
      -1.382262,
      -1.381032,
      -1.36185,
      -1.323723,
      -1.271241,
      -1.209422,
      -1.144255,
      -1.083342,
      -1.030691,
      -0.990678,
      -0.964599,
      -0.952095,
      -0.949156,
      -0.949663,
      -0.95062,
      -0.943326,
      -0.925456,
      -0.893957,
      -0.84599,
      -0.78555,
      -0.71607,
      -0.644546,
      -0.576875,
      -0.521819,
      -0.487035,
      -0.476411,
      -0.492735,
      -0.537752,
      -0.607911,
      -0.699248,
      -0.806285,
      -0.920334,
      -1.035169,
      -1.143539,
      -1.241298,
      -1.323093,
      -1.388451,
      -1.437153,
      -1.469654,
      -1.491349,
      -1.501205,
      -1.504702,
      -1.501795,
      -1.495702,
      -1.486946,
      -1.475548,
      -1.4602,
      -1.441717,
      -1.420759,
      -1.398671,
      -1.375571,
      -1.353699,
      -1.336315,
      -1.325812,
      -1.32206,
      -1.328457,
      -1.342784,
      -1.364613,
      -1.389813,
      -1.413927,
      -1.433402,
      -1.441565,
      -1.436809,
      -1.414395,
      -1.374395,
      -1.319187,
      -1.251294,
      -1.176761,
      -1.102348,
      -1.033446,
      -0.977853,
      -0.939775,
      -0.921412,
      -0.922891,
      -0.941848,
      -0.973928,
      -1.013497,
      -1.052601,
      -1.083371,
      -1.101075,
      -1.102227,
      -1.083786,
      -1.046727,
      -0.99467,
      -0.932652,
      -0.86589,
      -0.801394,
      -0.745016,
      -0.70014,
      -0.668041,
      -0.594423,
      -0.667458,
      -0.393068,
      -0.520154,
      -0.909939,
      -0.817678,
      -0.618506,
      -0.346974,
      -0.475206,
      -0.247698,
      -0.653659,
      -0.391818,
      -0.420874,
      -0.330598,
      0.070085,
      -0.226236,
      -0.469872,
      -0.581839,
      -0.334685,
      -0.43717,
      -0.548397,
      -0.661013,
      -0.770677,
      -0.868911,
      -0.952674,
      -1.020398,
      -1.0713,
      -1.105519,
      -1.127962,
      -1.138775,
      -1.142085,
      -1.139378,
      -1.133001,
      -1.12198,
      -1.107919,
      -1.091526,
      -1.07157,
      -1.048891,
      -1.02329,
      -0.997218,
      -0.972303,
      -0.951024,
      -0.935193,
      -0.927391,
      -0.928565,
      -0.938314,
      -0.955343,
      -0.976206,
      -0.997983,
      -1.014758,
      -1.023279,
      -1.017467,
      -0.99577,
      -0.957485,
      -0.904015,
      -0.837522,
      -0.762006,
      -0.686059,
      -0.614283,
      -0.554808,
      -0.510803,
      -0.485924,
      -0.481029,
      -0.494644,
      -0.521244,
      -0.557039,
      -0.59397,
      -0.623918,
      -0.643657,
      -0.646693,
      -0.631175,
      -0.597092,
      -0.547689,
      -0.487476,
      -0.420822,
      -0.354727,
      -0.29585,
      -0.246093,
      -0.210027,
      -0.186237,
      -0.170957,
      -0.16338,
      -0.15715,
      -0.14466,
      -0.12377,
      -0.091213,
      -0.042066,
      0.017951,
      0.088871,
      0.164789,
      0.237236,
      0.299969,
      0.345854,
      0.369567,
      0.366641,
      0.336745,
      0.279121,
      0.198949,
      0.103779,
      -0.003943,
      -0.114054,
      -0.222092,
      -0.319702,
      -0.404453,
      -0.472527,
      -0.524389,
      -0.559431,
      -0.581216,
      -0.591626,
      -0.593015,
      -0.58758,
      -0.578653,
      -0.565126,
      -0.548776,
      -0.52836,
      -0.506404,
      -0.479992,
      -0.452206,
      -0.423062,
      -0.393832,
      -0.36815,
      -0.348643,
      -0.336127,
      -0.332021,
      -0.336473,
      -0.35008,
      -0.367279,
      -0.386065,
      -0.401441,
      -0.408564,
      -0.404714,
      -0.385323,
      -0.347811,
      -0.296357,
      -0.231045,
      -0.1562,
      -0.080095,
      -0.006557,
      0.057125,
      0.104716,
      0.135032,
      0.144252,
      0.135711,
      0.112924,
      0.080213,
      0.045617,
      0.014243,
      -0.006339,
      -0.0122,
      0.000435,
      0.031318,
      0.077482,
      0.137062,
      0.203602,
      0.269685,
      0.33112,
      0.384373,
      0.425584,
      0.453943,
      0.473994,
      0.485192,
      0.494862,
      0.509031,
      0.530847,
      0.56485,
      0.612685,
      0.673372,
      0.746055,
      0.822286,
      0.898407,
      0.965522,
      1.018457,
      1.048769,
      1.055356,
      1.033277,
      0.984494,
      0.911758,
      0.820856,
      0.719276,
      0.611447,
      0.506055,
      0.409351,
      0.3256,
      0.257003,
      0.204469,
      0.168983,
      0.14697,
      0.13827,
      0.137981,
      0.145054,
      0.156325,
      0.171986,
      0.192064,
      0.214018,
      0.238691,
      0.26722,
      0.297821,
      0.330179,
      0.361603,
      0.390211,
      0.413346,
      0.429785,
      0.436546,
      0.435064,
      0.425536,
      0.411051,
      0.394094,
      0.379884,
      0.371971,
      0.375841,
      0.394727,
      0.430209,
      0.480606,
      0.545713,
      0.620818,
      0.699116,
      0.775845,
      0.84277,
      0.895944,
      0.932031,
      0.947396,
      0.944364,
      0.926353,
      0.89708,
      0.864631,
      0.833926,
      0.813533,
      0.807102,
      0.818108,
      0.848094,
      0.895085,
      0.954254,
      1.021372,
      1.091161,
      1.157909,
      1.215547,
      1.261032,
      1.29525,
      1.317586,
      1.332347,
      1.344645,
      1.359588,
      1.381302,
      1.414221,
      1.462068,
      1.521995,
      1.595102,
      1.673387,
      1.751896,
      1.824655,
      1.882629,
      1.92046,
      1.934886,
      1.920435,
      1.879602,
      1.814737,
      1.729497,
      1.631354,
      1.526436,
      1.422049,
      1.325534,
      1.239868,
      1.169501,
      1.116728,
      1.078805,
      1.056937,
      1.047061,
      1.047034,
      1.054901,
      1.0674,
      1.083959,
      1.104224,
      1.127518,
      1.153467,
      1.183728,
      1.214951,
      1.248268,
      1.280995,
      1.311673,
      1.338007,
      1.355847,
      1.366105,
      1.367882,
      1.360661,
      1.348096,
      1.333354,
      1.319602,
      1.313005,
      1.316455,
      1.334867,
      1.369139,
      1.420707,
      1.48599,
      1.563425,
      1.645818,
      1.726473,
      1.80006,
      1.860401,
      1.903,
      1.926634,
      1.930063,
      1.917165,
      1.892956,
      1.862929,
      1.835292,
      1.815627,
      1.809456,
      1.821602,
      1.85147,
      1.899343,
      1.961386,
