{
  "sample_id": 79,
  "original_data": {
    "time_series": [
      -2.794625,
      -2.717391,
      -2.640373,
      -2.563574,
      -2.487027,
      -2.410767,
      -2.334801,
      -2.25916,
      -2.183868,
      -2.108939,
      -0.526526,
      -0.452405,
      -0.378733,
      -0.305519,
      -0.232788,
      -0.581929,
      -0.08888,
      0.010205,
      0.108706,
      0.206615,
      0.303903,
      0.400538,
      -1.011381,
      -0.944079,
      -0.877491,
      -0.81163,
      -0.746542,
      -0.682248,
      -0.618772,
      -0.556098,
      -0.494324,
      -0.433396,
      -0.373375,
      -0.314294,
      -0.256154,
      -0.198992,
      -0.142823,
      -0.087665,
      -0.033543,
      0.019494,
      0.071456,
      0.122288,
      0.172,
      0.22054,
      0.267919,
      0.314093,
      0.359032,
      0.402715,
      0.44512,
      0.486249,
      0.526034,
      0.564478,
      0.601583,
      0.637264,
      0.671557,
      0.704405,
      0.735794,
      0.765696,
      0.794089,
      0.820966,
      0.846292,
      0.870028,
      0.892185,
      0.912713,
      0.93159,
      0.948808,
      0.964336,
      0.97814,
      0.99019,
      1.000512,
      1.009035,
      1.015758,
      1.020646,
      1.024595,
      1.028479,
      1.032322,
      1.036095,
      2.54771,
      2.551388,
      2.555018,
      2.028168,
      2.562064,
      2.600209,
      2.635288,
      2.667258,
      2.696184,
      2.722021,
      2.744781,
      1.256585,
      1.273195,
      1.286737,
      1.297186,
      1.304562,
      1.307354,
      1.310077,
      1.443478,
      1.446075,
      1.44861,
      1.451078,
      1.453475,
      1.455816,
      1.458087,
      1.460279,
      1.462413,
      1.46448,
      1.466473,
      1.468416,
      1.470268,
      1.472072,
      1.473787,
      1.475437,
      1.477009,
      1.478509,
      1.47994,
      1.481315,
      1.4826,
      1.483806,
      1.484948,
      1.486006,
      1.487004,
      1.48791,
      1.488735,
      1.489494,
      1.490168,
      1.490776,
      1.491299,
      2.999641,
      3.0,
      1.361666,
      1.361869,
      1.361981,
      1.362025,
      1.359178,
      1.35072,
      1.336832,
      1.317667,
      1.293408,
      1.264223,
      1.23026,
      1.191712,
      1.148725,
      1.101483,
      1.050134,
      2.502761,
      2.443732,
      2.381093,
      2.315034,
      2.245707,
      2.173304,
      2.097982,
      2.019887,
      1.939201,
      1.85607,
      1.770716,
      0.175353,
      0.085984,
      -0.005159,
      -0.097881,
      -0.192029,
      -0.287419,
      -0.383906,
      -0.421754,
      -0.341219,
      -0.142151,
      -0.241295,
      -0.341818,
      -0.444629,
      -0.549554,
      -0.656443,
      -0.765117,
      -0.863285,
      -0.96069,
      -1.057188,
      -1.152583,
      -1.246716,
      -1.339447,
      -1.430577,
      -1.519968,
      -1.607419,
      -1.692789,
      -1.77589,
      -1.856583,
      -1.934679,
      -2.009999,
      -2.08243,
      -2.151753,
      -2.217802,
      -2.280438,
      -2.339471,
      -2.394741,
      -2.446077,
      -2.493335,
      -2.536315,
      -2.574862,
      -2.60882,
      -2.638001,
      -2.662262,
      -2.68143,
      -2.695325,
      -2.703766,
      -2.706634,
      -2.705296,
      -2.701275,
      -2.694624,
      -2.685314,
      -2.673393,
      -2.65885,
      -2.641723,
      -2.621985,
      -1.091789,
      -1.066938,
      -1.039529,
      -1.009603,
      -0.977154,
      -0.942205,
      -0.904773,
      -0.864847,
      -0.822485,
      -0.777661,
      -0.730411,
      -0.680732,
      -2.136549,
      -2.082085,
      -2.025227,
      -1.966012,
      -1.90446,
      -1.840552,
      -1.774324,
      -1.705802,
      -1.634982,
      -1.561872,
      -1.486502,
      -1.408868,
      -1.328992,
      -1.246888,
      -1.162589,
      -1.076088,
      -0.987398,
      -0.896541,
      -0.803523,
      -0.70837,
      -0.611085,
      -0.511682,
      -0.410178,
      -0.306583,
      -0.200914,
      -0.093185,
      0.016576,
      0.128385,
      0.242212,
      0.358025,
      0.475858,
      0.595646,
      0.71741,
      0.84111,
      0.966756,
      1.09432,
      1.223786,
      1.355154
    ],