{
  "sample_id": 128,
  "original_data": {
    "time_series": [
      -3.0,
      -2.946519,
      -2.933575,
      -2.829913,
      -2.848933,
      -2.876658,
      -2.847071,
      -2.838561,
      -2.827012,
      -1.717098,
      -1.697468,
      -1.724372,
      -1.630925,
      -1.746578,
      -1.641713,
      -1.645755,
      -1.572138,
      -1.519178,
      -1.493719,
      -1.526509,
      -2.570729,
      -2.612228,
      -2.561608,
      -2.391056,
      -2.50254,
      -2.413388,
      -2.359899,
      -2.392514,
      -2.479555,
      -2.308755,
      -2.291383,
      -2.28047,
      -2.227256,
      -2.22816,
      -2.313517,
      -2.179026,
      -2.170601,
      -2.096594,
      -2.125423,
      -1.979834,
      -2.046593,
      -2.041772,
      -1.975374,
      -1.920628,
      -1.896693,
      -1.936448,
      -2.003222,
      -2.027527,
      -2.009693,
      -1.925004,
      -1.847355,
      -1.900995,
      -1.758048,
      -1.829653,
      -1.741008,
      -1.754221,
      -1.769387,
      -1.791313,
      -1.710511,
      -1.820783,
      -1.593557,
      -1.539685,
      -1.619179,
      -1.493165,
      -1.36649,
      -1.473265,
      -1.425735,
      -1.421201,
      -1.506749,
      -0.257413,
      -0.368913,
      -0.288042,
      -0.217737,
      -0.330994,
      -0.153587,
      -1.3039,
      -1.198764,
      -1.226981,
      -1.283008,
      -1.209792,
      -1.053299,
      -1.303402,
      -1.192966,
      -1.202906,
      -1.071126,
      -0.997363,
      -1.185464,
      -0.967343,
      -1.066059,
      -0.944628,
      -1.016395,
      -1.054651,
      -0.969712,
      -0.964741,
      -0.879555,
      -0.93013,
      -0.858656,
      -0.934023,
      -0.87216,
      -0.825638,
      -0.92573,
      -0.776788,
      -0.741505,
      -0.817624,
      -0.799296,
      -0.776011,
      -0.784541,
      -0.626633,
      -0.677036,
      -0.660258,
      -0.635809,
      -0.617865,
      -0.572044,
      -0.588556,
      -0.635871,
      -0.613416,
      -0.656275,
      -0.441983,
      -0.500063,
      -0.563602,
      -0.448998,
      -0.441553,
      -0.403666,
      -0.427376,
      -0.475493,
      -0.390996,
      -0.452027,
      -0.31808,
      -0.322193,
      0.696869,
      0.760128,
      0.727158,
      0.833172,
      0.834584,
      0.80153,
      -0.305245,
      -0.337802,
      -0.236347,
      -0.184897,
      -0.187599,
      -0.125719,
      -0.141452,
      -0.151185,
      -0.167116,
      -0.126879,
      -0.121552,
      -0.161476,
      -0.041761,
      -0.044457,
      -0.076259,
      -0.000973,
      -0.063387,
      0.081209,
      -0.019759,
      0.096702,
      0.118013,
      -0.027206,
      -0.021086,
      0.059075,
      0.125717,
      0.005008,
      0.134331,
      0.172318,
      -0.291414,
      0.218521,
      0.15505,
      0.197766,
      0.212868,
      0.14599,
      0.095087,
      0.234414,
      -0.174964,
      0.313811,
      0.236477,
      0.274651,
      -0.137635,
      0.336056,
      0.346511,
      0.322807,
      0.397131,
      0.3519,
      0.067212,
      0.391707,
      0.329133,
      0.30103,
      0.483337,
      0.343589,
      0.427757,
      0.475897,
      1.575142,
      1.342598,
      1.532773,
      1.479095,
      1.621387,
      1.552959,
      0.487845,
      0.359946,
      0.521504,
      0.60575,
      0.456146,
      0.590532,
      0.525713,
      0.598491,
      0.614167,
      0.507031,
      0.611756,
      0.6304,
      0.601157,
      0.636601,
      0.600437,
      0.702386,
      0.901239,
      0.930908,
      1.122022,
      1.354497,
      1.31215,
      1.287284,
      1.24878,
      1.13711,
      1.064779,
      1.095554,
      0.999199,
      0.983344,
      0.955704,
      0.886673,
      0.834145,
      0.871866,
      0.768406,
      0.845906,
      0.839062,
      0.857661,
      0.877901,
      0.822276,
      0.93272,
      0.936909,
      0.98184,
      0.962395,
      0.877145,
      0.793533,
      0.968094,
      0.93602,
      1.045801,
      0.944783,
      1.039176,
      0.928852,
      0.847037,
      0.911999,
      0.97852,
      0.905537,
      2.159774,
      2.14557,
      2.050529,
      2.145152,
      2.121738,
      2.184389,
      1.031526,
      1.179301,
      0.951804,
      1.076832,
      1.120259,
      1.137942,
      0.999068,
      1.046034,
      1.010286,
      1.051549,
      1.05829,
      1.037755,
      1.061448,
      1.194716,
      0.99795,
      1.051954,
      1.00939,
      1.157688,
      1.247808,
      0.883609,
      1.306694,
      1.191677,
      1.386942,
      0.96796,
      1.137479,
      1.267592,
      1.310546,
      0.932458,
      1.174605,
      1.363126,
      1.217997,
      0.988156,
      1.210548,
      1.122302,
      1.255198,
      0.899448,
      1.253081,
      1.252903,
      0.953228,
      1.383307,
      1.103525,
      1.422264,
      1.207836,
      1.111233,
      1.11688,
      1.600895,
      1.296606,
      1.076934,
      1.213202,
      1.167456,
      1.423726,
      1.248687,
      1.480652,
      1.305049,
      2.130769,
      2.475195,
      2.343331,
      2.374496,
      2.34453,
      2.294167,
      1.314611,
      1.238216,
      1.291339,
      1.128716,
      1.28521,
      1.244484,
      1.19924,
      1.299811,
      1.38415,
      1.261306,
      1.295301,
      1.28111,
      1.266918,
      1.232228,
      1.259976,
      1.358378,
      1.299177,
      1.278494,
      1.216534,
      1.370836,
      1.281762,
      1.334537,
      1.364408,
      1.260353,
      1.210319,
      1.232679
    ],