{
  "sample_id": 98,
  "original_data": {
    "time_series": [
      -2.13748,
      -2.113358,
      -2.094777,
      -2.088432,
      -2.066429,
      -2.053113,
      -2.042111,
      -2.023725,
      -2.009201,
      -1.989384,
      -1.980967,
      -1.970847,
      -1.947877,
      -1.930251,
      -1.91693,
      -1.898638,
      -1.886235,
      -1.870318,
      -1.853437,
      -1.845364,
      -1.825581,
      -1.815634,
      -1.7987,
      -1.780506,
      -0.755123,
      -0.745152,
      -0.728756,
      -0.713819,
      -0.700505,
      -0.685074,
      -0.674851,
      -0.655201,
      -0.642759,
      -2.648651,
      -2.6288,
      -1.543404,
      -1.52957,
      -1.631042,
      -1.623959,
      -1.60731,
      -1.597973,
      -0.574607,
      -0.561747,
      -2.705165,
      -2.69994,
      -2.688143,
      -2.67369,
      -2.668445,
      -2.658748,
      -2.642756,
      -2.636383,
      -1.548223,
      -1.526382,
      -1.523315,
      -0.436135,
      -0.428579,
      0.535484,
      0.554889,
      0.584191,
      0.597784,
      0.617437,
      0.644807,
      -0.743604,
      -1.214156,
      -1.182072,
      -1.148389,
      -1.12439,
      -3.0,
      -2.971896,
      -2.947122,
      -2.914113,
      -1.827217,
      -1.791462,
      -1.769681,
      -1.733513,
      -1.699442,
      -1.669997,
      -1.040853,
      -1.026395,
      -1.01401,
      -0.998211,
      -0.988459,
      -0.976542,
      -0.966952,
      -0.953878,
      -0.939861,
      -0.923542,
      -0.910782,
      -0.9025,
      -0.894788,
      -0.882558,
      -0.871717,
      -0.854899,
      -0.839864,
      -0.827815,
      -0.823652,
      -0.802762,
      -0.794254,
      -0.787963,
      -0.769797,
      -0.75982,
      -0.749121,
      0.273953,
      0.279804,
      0.293098,
      0.307968,
      0.317913,
      0.334774,
      0.346129,
      0.354711,
      0.369454,
      -1.643501,
      -1.631766,
      -0.541852,
      -0.532874,
      -0.638119,
      -0.628944,
      -0.620118,
      -0.612562,
      0.408945,
      0.411549,
      -1.739179,
      -1.727589,
      -1.712135,
      -1.70937,
      -1.702432,
      -1.689906,
      -1.685541,
      -1.676032,
      -0.587773,
      -0.583614,
      -0.57132,
      0.510448,
      0.509348,
      1.476894,
      1.488859,
      1.510937,
      1.525592,
      1.546089,
      1.564652,
      0.178095,
      -0.288593,
      -0.264312,
      -0.242349,
      -0.214453,
      -2.094303,
      -2.07113,
      -2.042855,
      -2.015981,
      -0.935429,
      -0.910676,
      -0.885819,
      -0.853714,
      -0.816512,
      -0.790677,
      -0.162683,
      -0.153323,
      -0.142543,
      -0.138016,
      -0.128959,
      -0.116416,
      -0.105479,
      -0.096803,
      -0.094583,
      -0.081217,
      -0.076682,
      -0.060124,
      -0.055598,
      -0.045285,
      -0.02838,
      -0.02004,
      -0.011441,
      -0.00655,
      0.005608,
      0.010489,
      0.019673,
      0.034047,
      0.044424,
      0.041612,
      0.062732,
      1.070972,
      1.083834,
      0.733065,
      0.738724,
      0.747467,
      0.758677,
      0.765001,
      0.771937,
      0.7834,
      0.788725,
      0.789884,
      1.476398,
      0.176394,
      0.179159,
      0.179294,
      0.18653,
      0.195498,
      0.194357,
      0.19113,
      0.199407,
      0.212699,
      0.154164,
      0.182812,
      -1.163798,
      -0.475196,
      -0.439361,
      -0.406806,
      -0.366851,
      -0.326272,
      -0.283365,
      -0.238132,
      -0.193788,
      0.829933,
      0.825745,
      0.804036,
      1.43861,
      1.383374,
      1.305737,
      -0.751117,
      -0.855378,
      -0.951392,
      -1.059111,
      -1.18686,
      -1.338064,
      -0.509464,
      -0.613218,
      0.169566,
      0.377712,
      0.720098,
      1.10214,
      1.594272,
      2.194004,
      2.451166,
      0.480722,
      0.493571,
      0.491981,
      0.505735,
      0.498037,
      0.516794,
      0.516136,
      0.521671,
      0.535333,
      0.531097,
      0.54377,
      0.552896,
      0.559106,
      0.560144,
      0.567637,
      0.578565,
      0.586556,
      0.589505,
      0.596744,
      0.606701,
      0.607689,
      0.61648,
      0.619705,
      1.736571,
      1.741454,
      1.750923,
      1.757642,
      1.76285,
      1.761036,
      1.773543,
      2.437313,
      2.436648,
      2.442974,
      2.454314,
      2.456657,
      2.458946,
      2.468786,
      2.469166,
      2.477395,
      2.484429,
      0.080539,
      0.077544,
      0.085527,
      0.089545,
      0.090256,
      0.099948,
      0.099943,
      0.106636,
      0.110609,
      0.121802,
      0.121778,
      0.124087,
      0.12797,
      0.142242,
      0.133839,
      0.148076,
      0.148268,
      0.152661,
      0.158631,
      0.171545,
      -1.142991,
      -1.139941,
      -1.123167,
      -1.128092,
      -1.122165,
      -1.121487,
      -1.115519,
      0.098268,
      0.102775,
      0.1021,
      0.111175,
      0.113021,
      0.117893,
      0.118842,
      0.132347,
      0.22088,
      0.250749,
      0.281443,
      0.892147,
      0.89048,
      0.902419,
      0.907186,
      0.906689,
      0.91631,
      0.911834,
      0.921816,
      0.924458,
      0.928381,
      0.933371,
      0.937322,
      0.941661,
      0.940744,
      0.940639,
      0.94813,
      0.949475,
      0.951901,
      0.953851,
      0.95912,
      0.959783,
      0.966211,
      0.971875,
      0.971202,
      0.974582,
      1.988824,
      1.988631,
      1.985779,
      1.994164,
      1.996487,
      2.001313,
      2.000028,
      2.007216,
      2.006919,
      -0.01019,
      -0.003026,
      1.073978,
      1.074145,
      0.95777,
      0.954996,
      0.957551,
      0.959625,
      1.971388,
      1.967965,
      -0.19469,
      -0.192178,
      -0.191199,
      -0.193097,
      -0.196499,
      -0.190757,
      -0.197008,
      -0.189117,
      0.883991,
      0.886988,
      0.878512,
      1.94572,
      1.948364,
      2.906986,
      2.917029,
      2.9232,
      2.932051,
      2.94277,
      2.939475,
      1.551563,
      1.083161,
      1.094983,
      1.108623,
      1.128388,
      -0.762275,
      -0.753935,
      -0.735793,
      -0.723099,
      0.367928,
      0.370314,
      0.400843,
      0.415078,
      0.438138,
      0.459297,
      1.079142,
      1.073483,
      1.081027,
      1.075909,
      1.081304,
      1.083443,
      1.082359,
      1.083725,
      1.080049,
      1.086783,
      1.078554,
      1.082554,
      1.079822,
      1.082293,
      1.088745,
      1.088315,
      1.082374,
      1.084991,
      1.088416,
      1.089408,
      1.085427,
      1.087218,
      1.087924
    ],