{
  "sample_id": 114,
  "original_data": {
    "time_series": [
      -0.977836,
      -0.784142,
      0.062468,
      -0.346622,
      -0.944525,
      -0.843961,
      0.123313,
      -0.245993,
      -0.168073,
      0.016627,
      0.364973,
      0.551371,
      0.428954,
      0.097099,
      -0.091932,
      0.160192,
      -0.171629,
      0.732945,
      0.91227,
      1.444862,
      1.270787,
      0.379048,
      0.638582,
      1.525079,
      1.56401,
      0.988681,
      2.117959,
      1.450419,
      1.431718,
      0.884443,
      1.59671,
      0.722446,
      1.235394,
      1.873152,
      1.059347,
      1.076757,
      1.778888,
      2.020334,
      2.01102,
      1.78099,
      2.083546,
      2.751715,
      1.455587,
      1.633611,
      1.055675,
      2.739974,
      1.933985,
      1.679484,
      1.719392,
      1.658793,
      1.880678,
      1.314683,
      1.966317,
      2.182736,
      1.241263,
      1.921839,
      2.463399,
      2.340245,
      1.299696,
      1.565545,
      1.534895,
      1.554885,
      0.607319,
      1.15318,
      1.4118,
      0.323241,
      0.855597,
      0.45313,
      0.350704,
      0.148422,
      -0.204747,
      0.121324,
      -0.110118,
      0.342832,
      -0.307388,
      -0.362158,
      -0.194595,
      -0.333813,
      -0.748052,
      0.019441,
      -0.748383,
      -1.132432,
      -1.652283,
      -0.963941,
      -1.332103,
      -1.280938,
      -1.741418,
      -1.948049,
      -1.623266,
      -2.064072,
      -2.09147,
      -2.412094,
      -1.752514,
      -2.315658,
      -1.567779,
      -2.136803,
      -2.421388,
      -2.111266,
      -2.49324,
      -2.701018,
      -1.764168,
      -2.466955,
      -3.0,
      -2.068051,
      -2.816774,
      -2.012166,
      -2.484065,
      -1.856359,
      -2.093315,
      -2.533088,
      -2.632365,
      -2.137174,
      -2.490921,
      -1.568602,
      -1.933581,
      -2.658045,
      -1.337293,
      -2.511667,
      -1.964091,
      -1.33097,
      -1.801276,
      -1.698757,
      -1.684911,
      -1.578003,
      -1.528427,
      -1.042604,
      -1.202234,
      -1.16481,
      -1.085172,
      -1.30816,
      -1.735114,
      -1.218164,
      -1.744082,
      -1.020831,
      -0.716948,
      -1.073174,
      -1.137433,
      -1.159193,
      -0.703357,
      -0.507285,
      -1.32363,
      -0.843194,
      -0.513952,
      -0.747581,
      -0.079116,
      -0.736806,
      -0.84198,
      -0.774052,
      -0.504948,
      0.149096,
      -0.751278,
      0.318351,
      -0.088938,
      0.150057,
      0.064343,
      -0.386615,
      -0.004517,
      -0.665925,
      0.045414,
      0.179851,
      -0.060903,
      0.236794,
      0.458588,
      0.071519,
      0.051781,
      -0.29061,
      0.163603,
      0.21123,
      0.417569,
      0.801055,
      0.186867,
      0.583098,
      0.364505,
      -0.039189,
      0.381386,
      0.401732,
      1.340133,
      1.028678,
      0.641604,
      0.909497,
      0.149861,
      -0.008335,
      0.593612,
      0.920755,
      0.836135,
      1.096009,
      0.59759,
      0.645476,
      0.001849,
      0.530563,
      0.826119,
      1.342343,
      1.12967,
      0.355554,
      1.348738,
      0.757222,
      1.701052,
      0.852707,
      1.228153,
      1.24029,
      1.256515,
      0.854494,
      1.114409,
      1.261012,
      0.937397,
      1.678966,
      1.086924,
      1.515544,
      1.656019,
      1.256503,
      1.580355,
      1.295656,
      1.886838
    ],
    "normal_series": [
      -0.977836,
      -0.784142,
      0.062468,
      -0.346622,
      -0.944525,
      -0.843961,
      0.123313,
      -0.245993,
      -0.168073,
      0.016627,
      0.364973,
      0.551371,
      0.428954,
      0.097099,
      -0.091932,
      0.160192,
      -0.171629,
      0.732945,
      0.91227,
      1.444862,
      1.270787,
      0.379048,
      0.638582,
      1.525079,
      1.56401,
      0.988681,
      2.117959,
      1.450419,
      1.431718,
      0.884443,
      1.59671,
      0.722446,
      1.235394,
      1.873152,
      1.059347,
      1.076757,
      1.778888,
      2.020334,
      2.01102,
      1.78099,
      2.083546,
      2.751715,
      1.455587,
      1.633611,
      1.055675,
      2.739974,
      1.933985,
      1.679484,
      1.719392,
      1.658793,
      1.880678,
      1.314683,
      1.966317,
      2.182736,
      1.241263,
      1.921839,
      2.463399,
      2.340245,
      1.299696,
      1.565545,
      1.534895,
      1.554885,
      0.607319,
      1.15318,
      1.4118,
      0.323241,
      0.855597,
      0.45313,
      0.350704,
      0.148422,
      -0.204747,
      0.121324,
      -0.110118,
      0.342832,
      -0.307388,
      -0.362158,
      -0.194595,
      -0.333813,
      -0.748052,
      0.019441,
      -0.748383,
      -1.132432,
      -1.652283,
      -0.963941,
      -1.332103,
      -1.280938,
      -1.741418,
      -1.948049,
      -1.623266,
      -2.064072,
      -2.09147,
      -2.412094,
      -1.752514,
      -2.315658,
      -1.567779,
      -2.136803,
      -2.421388,
      -2.111266,
      -2.49324,
      -2.701018,
      -1.764168,
      -2.466955,
      -3.0,
      -2.068051,
      -2.816774,
      -2.012166,
      -2.484065,
      -1.856359,
      -2.093315,
      -2.533088,
      -2.632365,
      -2.137174,
      -2.490921,
      -1.568602,
      -1.933581,
      -2.658045,
      -1.337293,
      -2.511667,
      -1.964091,
      -1.33097,
      -1.801276,
      -1.698757,
      -1.684911,
      -1.578003,
      -1.528427,
      -1.042604,
      -1.202234,
      -1.16481,
      -1.085172,
      -1.30816,
      -1.735114,
      -1.218164,
      -1.744082,
      -1.020831,
      -0.716948,
      -1.073174,
      -1.137433,
      -1.159193,
      -0.703357,
      -0.507285,
      -1.32363,
      -0.843194,
      -0.513952,
      -0.747581,
      -0.079116,
      -0.736806,
      -0.84198,
      -0.774052,
      -0.504948,
      0.149096,
      -0.751278,
      0.318351,
      -0.088938,
      0.150057,
      0.064343,
      -0.386615,
      -0.004517,
      -0.665925,
      0.045414,
      0.179851,
      -0.060903,
      0.236794,
      0.458588,
      -0.137263,
      -0.157001,
      -0.486344,
      -0.019081,
      0.041594,
      0.260982,
      0.657517,
      0.056379,
      0.465658,
      0.260114,
      -0.130531,
      0.303093,
      0.336487,
      1.287938,
      0.989531,
      0.615506,
      0.896448,
      0.149861,
      -0.008335,
      0.593612,
      0.920755,
      0.836135,
      1.096009,
      0.59759,
      0.645476,
      0.001849,
      0.530563,
      0.826119,
      1.342343,
      1.12967,
      0.355554,
      1.348738,
      0.757222,
      1.701052,
      0.852707,
      1.228153,
      1.24029,
      1.256515,
      0.854494,
      1.114409,
      1.261012,
      0.937397,
      1.678966,
      1.086924,
      1.515544,
      1.656019,
      1.256503,
      1.580355,
      1.295656,
      1.886838
    ]
  },
  "windows": [
    {
      "window_range": {
        "start": 30,
        "end": 68
      },
      "anomaly_descriptions": [],
      "question": "True or False: There is no indication of unexpected deviations or irregular patterns suggesting an anomaly within the time series window from step 30 to 68.",
      "answer": "True. The time series window from step 30 to 68 shows that all current_values are equal to their respective normal_values, indicating no deviations from expected behavior. The pattern displays natural variability with occasional minor peaks and dips, but these fluctuations remain within the normal range and do not constitute anomalies. No irregularities, abrupt spikes, or unexpected drops are present. This consistent alignment with normal_values suggests stable system behavior without any significant or unusual events impacting the data during this period.",
      "question_type": "true_false",