{
  "sample_id": 78,
  "original_data": {
    "time_series": [
      -0.273299,
      -0.203047,
      0.461318,
      0.516921,
      0.574124,
      0.66838,
      0.7073,
      0.738887,
      0.795348,
      0.800084,
      0.827068,
      0.78673,
      0.906238,
      0.871987,
      0.534601,
      0.494785,
      0.541614,
      0.671203,
      0.646924,
      0.692502,
      0.668265,
      0.720616,
      0.690943,
      0.703456,
      0.672465,
      0.679768,
      0.788724,
      0.713527,
      0.692647,
      0.714942,
      0.744616,
      0.747974,
      0.762712,
      0.762564,
      0.744906,
      0.79272,
      0.653877,
      0.556914,
      0.697944,
      0.717627,
      0.705087,
      0.661962,
      0.609671,
      0.560514,
      0.4971,
      0.430407,
      0.347822,
      0.261704,
      0.170301,
      0.05847,
      -0.053229,
      -0.161822,
      -0.295885,
      -0.425515,
      -0.545821,
      -0.702901,
      -0.840551,
      -0.989654,
      -1.151252,
      -1.319045,
      -1.481134,
      -1.122603,
      -1.269636,
      -1.455064,
      -1.654038,
      -1.820581,
      -2.014156,
      -2.195483,
      -2.398299,
      -2.595873,
      -2.797371,
      -3.0
    ],
    "normal_series": [
      -0.273299,
      -0.203047,
      0.461318,
      0.516921,
      0.574124,
      0.66838,
      0.7073,
      0.743654,
      0.784213,
      0.857191,
      0.930113,
      0.949504,
      0.998293,
      0.999307,
      0.54565,
      0.529739,
      0.574664,
      0.615224,
      0.609359,
      0.659406,
      0.662624,
      0.664425,
      0.696593,
      0.711425,
      0.701213,
      0.738709,
      0.739181,
      0.747007,
      0.730204,
      0.757857,
      0.763882,
      0.75137,
      0.767001,
      0.743228,
      0.766989,
      0.757818,
      0.76493,
      0.769104,
      0.760252,
      0.735607,
      0.705087,
      0.661962,
      0.609671,
      0.560514,
      0.4971,
      0.430407,
      0.347822,
      0.261704,
      0.170301,
      0.05847,
      -0.053229,
      -0.161822,
      -0.295885,
      -0.425515,
      -0.545821,
      -0.702901,
      -0.840551,
      -0.989654,
      -1.151252,
      -1.319045,
      -1.481134,
      -1.122603,
      -1.269636,
      -1.455064,
      -1.654038,
      -1.820581,
      -2.014156,
      -2.195483,
      -2.398299,
      -2.595873,
      -2.797371,
      -3.0
    ]
  },
  "windows": [
    {
      "window_range": {
        "start": 0,
        "end": 32
      },
      "anomaly_descriptions": [
        "A local rapid decline followed by slow rise anomaly, with a decline amplitude of 2.21"
      ],
      "question": "Which of the following best describes an anomaly that may be found in a time series window spanning step 0 to 32?\n\nA) A sustained upward trend with minor oscillations, indicating typical seasonal variations.  \nB) A gradual decline followed by an abrupt, sharp increase, reflecting normal fluctuation patterns.  \nC) Multiple brief, random spikes evenly distributed throughout the window, consistent with normal sensor noise.  \nD) An abrupt, sharp local drop immediately followed by a slow, steady recovery, deviating from expected behavior.",
      "answer": "D) An abrupt, sharp local drop immediately followed by a slow, steady recovery, deviating from expected behavior.\n\nAnalysis: The time series shows a pronounced, rapid decline at the start (from -0.27 to 0.46 within a few steps), representing a sharp drop. This is followed by a gradual, steady rise back toward and above the previous levels, evident in the slow increase from 0.46 up to around 0.75 by step 32. This pattern is atypical for normal fluctuations or seasonal variations and indicates a local anomaly characterized by a sudden drop and slow recovery, as supported by the noted decline amplitude of 2.21. This anomaly could signal an unusual event or disruption within the system, warranting further investigation.",
      "question_type": "multiple_choice",
      "has_anomaly": true
    },
    {
      "window_range": {
        "start": 46,
        "end": 63
      },
      "anomaly_descriptions": [],
      "question": "When analyzing the time series window from step 46 to 63, which scenario best describes the expected detection outcome if an anomaly occurs immediately after the window ends?\n\nA) The window would show early warning patterns, such as subtle irregularities, indicating a forthcoming anomaly.  \nB) The anomaly would likely be misattributed to this window due to its proximity to the window's boundary.  \nC) The aggregate statistics within the window would be distorted, making the entire window appear anomalous.  \nD) The window would appear normal, with no indication of an anomaly, as the anomaly lies outside the window range.",
      "answer": "D) The window would appear normal, with no indication of an anomaly, as the anomaly lies outside the window range.  \nExplanation: The time series window from step 46 to 63 shows a smooth, consistent downward trend in current_value, with each value matching its normal_value exactly. There are no spikes, irregularities, or deviations within this window—no early warning signs or statistical distortions. Since no anomalies are detected in this window and the anomaly occurs only after the window ends, this window remains unaffected and would be classified as normal based on the observed data.",
      "question_type": "multiple_choice",
      "has_anomaly": false
    }
  ]
}