{
  "sample_id": 119,
  "original_data": {
    "time_series": [
      -2.2396,
      -2.182435,
      -2.144926,
      -2.083309,
      -2.05252,
      -2.038433,
      -1.998672,
      -1.979716,
      -1.927143,
      -1.923226,
      -1.891505,
      -1.837756,
      -1.777098,
      -1.766384,
      -1.824271,
      -1.698063,
      -1.746365,
      -1.702306,
      -1.665702,
      -1.651308,
      -1.612713,
      -1.524307,
      -1.571713,
      -1.499259,
      -1.413119,
      -1.451709,
      -1.48779,
      -1.310341,
      -1.403065,
      -1.266864,
      -1.226197,
      -1.237009,
      -1.178347,
      -1.185702,
      -1.157177,
      -1.054974,
      -1.088852,
      -1.053187,
      -0.962964,
      -0.955708,
      -0.989923,
      -0.904384,
      -0.873331,
      -0.899756,
      -0.827838,
      -0.791549,
      -0.797264,
      -0.787267,
      -0.776403,
      -0.730174,
      -0.669276,
      -0.678787,
      -0.678476,
      -0.710038,
      -0.700802,
      -0.696191,
      -0.699068,
      -0.647247,
      -0.542149,
      -0.38059,
      -0.269302,
      -0.101797,
      0.074716,
      0.248776,
      0.20973,
      0.166142,
      -0.25187,
      -0.896201,
      -1.627451,
      -2.260332,
      -2.471809,
      -2.400896,
      -2.267933,
      -2.204719,
      -2.352399,
      -2.672732,
      -3.0,
      -0.035221,
      -0.053846,
      -0.019805,
      0.018561,
      0.038805,
      0.069675,
      0.058995,
      0.17598,
      0.099192,
      0.177625,
      0.174113,
      0.145481,
      0.237542,
      0.19252,
      0.25452,
      0.283399,
      0.270145,
      0.323193,
      0.323958,
      0.402755,
      0.340565,
      0.422271,
      0.404562,
      0.424946,
      0.350818,
      0.498963,
      0.494799,
      0.52877,
      0.436555,
      -0.325132,
      0.996688,
      0.209956,
      0.734023,
      0.58153,
      0.747967,
      0.962267,
      0.536754,
      0.878453,
      0.649992,
      1.07822,
      1.027729,
      0.477488,
      1.161864,
      0.67351,
      0.704394,
      1.090909,
      1.207199,
      0.327155,
      0.621633,
      0.650649,
      1.014664,
      0.926126,
      1.069263,
      1.014114,
      0.806231,
      0.872713,
      1.102164,
      0.825539,
      0.695232,
      1.320607,
      1.010426,
      1.301981,
      0.9479,
      1.953247,
      1.683286,
      1.879953,
      1.379824,
      0.493955,
      0.707837,
      -0.106823,
      -0.891903,
      -0.99241,
      -0.866924,
      -0.724152,
      -0.835435,
      -0.929474,
      -1.283699,
      -1.499021,
      1.377304,
      1.408913,
      1.423569,
      1.42029,
      1.419574,
      1.415606,
      1.463108,
      1.485501,
      1.391902,
      1.460406,
      1.45839,
      1.452822,
      1.464195,
      1.451112,
      1.525256,
      1.489267,
      1.504907,
      1.540929,
      1.497143,
      1.483647,
      1.45757,
      1.475423,
      1.474397,
      1.485875,
      1.476791,
      1.429247,
      1.422055,
      1.426926,
      1.378631,
      1.322498,
      1.386574,
      1.430327,
      1.355482,
      1.301489,
      1.282981,
      1.36116,
      1.283086,
      1.261877,
      1.269779,
      1.269149,
      1.164651,
      1.144934,
      1.079096,
      1.112341,
      1.064073,
      1.011516,
      0.982061,
      0.980277,
      0.976759,
      1.006804,
      0.992897,
      0.92397,
      0.868789,
      0.795388,
      0.784263,
      0.667352,
      0.606704,
      0.460319,
      0.507484,
      0.562803,
      0.667622,
      0.815251,
      0.913135,
      1.0437,
      1.046277,
      1.04256,
      0.941937,
      0.362461,
      -0.253525,
      -1.016423,
      -1.788058,
      -2.073166,
      -1.948215,
      -1.897497,
      -1.885987,
      -2.041801,
      -2.502694,
      -2.835812,
      0.083069,
      0.11822,
      -0.011031,
      -0.013846,
      0.051557,
      -0.014552,
      -0.048681,
      -0.031144,
      -0.177022,
      -0.079286,
      -0.121468,
      -0.146562,
      -0.1536,
      -0.195084,
      -0.13966,
      -0.221437,
      -0.203985,
      -0.222573,
      -0.186945,
      -0.197957,
      -0.269717,
      -0.196519,
      -0.216705,
      -0.274048,
      -0.231033,
      -0.270243,
      -0.245582,
      -0.28569,
      -0.192629,
      -0.240039,
      -0.245813,
      -0.203049,
      -0.24496,
      -0.222701,
      -0.223775,
      -0.227688,
      -0.260932,
      -0.218128,
      -0.275792,
      -0.199875,
      -0.213773,
      -0.22052,
      -0.19184,
      -0.176964,
      -0.213176,
      -0.185458,
      -0.150356,
      -0.162023,
      -0.178368,
      -0.144884,
      -0.163377,
      -0.110156,
      -0.147678,
      -0.106381,
      -0.15785,
      -0.202821,
      -0.284639,
      -0.2312,
      -0.259974,
      -0.152202,
      -0.02485,
      0.18041,
      0.310097,
      0.430729,
      0.544306,
      0.592581,
      0.467753,
      0.076965,
      -0.537006,
      -1.316146,
      -1.951003,
      -2.242224,
      -2.116578,
      -1.966664,
      -1.9005,
      -2.030935,
      -2.497725,
      -2.748157,
      0.221587,
      0.26,
      0.224987,
      0.273229,
      0.341796,
      0.311844,
      0.289139,
      0.322863,
      0.320236,
      0.361951,
      0.464565,
      0.420843,
      0.429851,
      0.474071,
      0.536161,
      0.581075,
      0.544843,
      0.565824,
      0.622842,
      0.595501,
      0.676382,
      0.656436,
      0.722806,
      0.779166,
      0.8092,
      0.826079,
      0.826647,
      0.87069,
      0.884073,
      0.95296,
      0.995131,
      0.92987,
      1.031798,
      1.033762,
      1.092134,
      1.114929,
      1.126138,
      1.215977,
      1.230259,
      1.284324,
      1.305637,
      1.266499
    ],