{
  "sample_id": 43,
  "original_data": {
    "time_series": [
      2.90644,
      2.699685,
      2.517054,
      2.345158,
      2.283584,
      2.21493,
      2.215059,
      2.280432,
      2.364646,
      2.415616,
      2.471183,
      2.507453,
      2.520838,
      2.95377,
      3.0,
      2.588343,
      2.632568,
      2.621312,
      2.586223,
      2.506091,
      2.357002,
      2.168564,
      1.962619,
      1.782979,
      1.623965,
      1.52864,
      1.502256,
      1.503667,
      1.54455,
      1.579006,
      1.544006,
      1.463214,
      1.30657,
      1.172271,
      0.985355,
      0.833927,
      0.751075,
      0.746151,
      0.756551,
      0.917888,
      0.99237,
      1.071753,
      1.119665,
      1.119963,
      1.178431,
      1.200257,
      1.224757,
      1.287958,
      1.292851,
      1.285561,
      1.22572,
      1.056414,
      0.869928,
      0.671982,
      0.491559,
      0.330878,
      0.33692,
      0.245026,
      0.222212,
      0.252853,
      0.296125,
      0.332418,
      0.290386,
      0.20155,
      0.062303,
      -0.079084,
      -0.267588,
      -0.345899,
      -0.424736,
      -0.452684,
      -0.388784,
      -0.284224,
      -0.200498,
      -0.112435,
      -0.026239,
      0.031178,
      0.051826,
      0.08168,
      0.118983,
      0.208214,
      0.209945,
      0.295173,
      0.210662,
      0.107669,
      -0.008516,
      -0.196802,
      -0.387906,
      -0.553934,
      -0.654927,
      -0.706913,
      -0.699863,
      -0.679263,
      -0.62149,
      -0.597818,
      -0.618399,
      -0.704866,
      -0.857166,
      -0.990682,
      -1.154679,
      -1.236641,
      -1.291014,
      -1.276581,
      -1.178774,
      -1.094142,
      -0.978788,
      -0.88049,
      -0.794293,
      -0.758203,
      -0.681748,
      -0.641115,
      -0.602201,
      -0.517694,
      -0.608507,
      -0.480285,
      -0.505294,
      -0.586959,
      -0.744927,
      -0.90979,
      -1.106892,
      -1.218563,
      -1.333275,
      -1.340246,
      -1.322958,
      -1.270051,
      -1.224779,
      -1.217903,
      -1.214992,
      -1.33302,
      -1.445407,
      -1.567346,
      -1.721559,
      -1.780647,
      -1.808764,
      -1.776282,
      -1.667451,
      -1.566149,
      -1.462689,
      -1.351835,
      -1.260334,
      -1.205525,
      -1.12392,
      -1.075805,
      -1.014265,
      -0.938669,
      -0.878949,
      -0.883768,
      -0.858126,
      -0.942069,
      -1.097922,
      -1.293784,
      -1.49455,
      -1.643673,
      -1.721604,
      -1.75642,
      -1.714104,
      -1.660188,
      -1.573246,
      -1.530043,
      -1.553662,
      -1.581037,
      -1.718269,
      -1.833865,
      -1.955429,
      -2.002054,
      -2.007483,
      -1.943615,
      -1.859781
    ],
    "normal_series": [
      2.90644,
      2.699685,
      2.517054,
      2.345158,
      2.283584,
      2.21493,
      2.215059,
      2.280432,
      2.364646,
      2.415616,
      2.471183,
      2.507453,
      2.520838,
      2.545532,
      2.591762,
      2.588343,
      2.632568,
      2.621312,
      2.586223,
      2.506091,
      2.357002,
      2.168564,
      1.962619,
      1.782979,
      1.623965,
      1.52864,
      1.502256,
      1.503667,
      1.54455,
      1.579006,
      1.544006,
      1.463214,
      1.30657,
      1.172271,
      0.985355,
      0.833927,
      0.751075,
      0.746151,
      0.756551,
      0.838746,
      0.914352,
      1.006302,
      1.06955,
      1.080213,
      1.140263,
      1.156384,
      1.173998,
      1.237325,
      1.256197,
      1.279147,
      1.262203,
      1.139427,
      0.991268,
      0.812638,
      0.626483,
      0.436113,
      0.33692,
      0.245026,
      0.222212,
      0.252853,
      0.296125,
      0.332418,
      0.290386,
      0.20155,
      0.062303,
      -0.079084,
      -0.267588,
      -0.345899,
      -0.424736,
      -0.452684,
      -0.388784,
      -0.284224,
      -0.200498,
      -0.112435,
      -0.026239,
      0.031178,
      0.051826,
      0.08168,
      0.118983,
      0.208214,
      0.209945,
      0.225507,
      0.210662,
      0.107669,
      -0.008516,
      -0.196802,
      -0.387906,
      -0.553934,
      -0.654927,
      -0.706913,
      -0.699863,
      -0.679263,
      -0.62149,
      -0.597818,
      -0.618399,
      -0.704866,
      -0.857166,
      -0.990682,
      -1.154679,
      -1.236641,
      -1.291014,
      -1.276581,
      -1.178774,
      -1.094142,
      -0.978788,
      -0.88049,
      -0.794293,
      -0.758203,
      -0.681748,
      -0.641115,
      -0.602201,
      -0.517694,
      -0.494659,
      -0.480285,
      -0.501444,
      -0.571558,
      -0.744927,
      -0.90979,
      -1.106892,
      -1.218563,
      -1.333275,
      -1.340246,
      -1.322958,
      -1.270051,
      -1.224779,
      -1.217903,
      -1.214992,
      -1.33302,
      -1.445407,
      -1.567346,
      -1.721559,
      -1.780647,
      -1.808764,
      -1.776282,
      -1.667451,
      -1.566149,
      -1.462689,
      -1.351835,
      -1.260334,
      -1.205525,
      -1.12392,
      -1.075805,
      -1.014265,
      -0.938669,
      -0.878949,
      -0.883768,
      -0.916152,
      -0.991512,
      -1.127993,
      -1.297809,
      -1.470644,
      -1.59428,
      -1.652248,
      -1.674146,
      -1.626119,
      -1.573022,
      -1.492499,
      -1.460539,
      -1.499661,
      -1.581037,
      -1.718269,
      -1.833865,
      -1.955429,
      -2.002054,
      -2.007483,
      -1.943615,
      -1.859781
    ]
  },
  "windows": [
    {
      "window_range": {
        "start": 39,
        "end": 75
      },
      "anomaly_descriptions": [],
      "question": "True or False: The absence of abrupt pattern changes or irregular deviations between steps 39 and 75 indicates no evidence of an anomaly within this window.",
      "answer": "True. The time series window from steps 39 to 75 displays a smooth and continuous pattern without abrupt spikes, irregular deviations, or unexpected jumps in the current_value data. The values generally follow a gradual increase to a peak, then a steady decline, and eventually stabilize near zero, closely aligning with the normal_value at each step. This consistency and lack of irregularities indicate stable system behavior and support the conclusion that no anomalies are present within this window.",
      "question_type": "true_false",
      "has_anomaly": false
    },
    {
      "window_range": {
        "start": 113,
        "end": 137
      },
      "anomaly_descriptions": [
        "A local downward spike followed by decrease anomaly, with spike amplitude 2.26 and subsequent decrease 0.31"
      ],
      "question": "What evidence within the window from step 113 to 137 would support or refute the presence of multiple types of anomalies, and how might you distinguish a significant local spike followed by a trend shift from typical fluctuations at the edges of the window?",
      "answer": "A. The window shows clear evidence of multiple anomaly types: a significant local downward spike is observed (from -0.74 at step 116 to -1.34 at step 121), followed by a sustained downward trend (reaching -1.81 at step 132). This spike is sharper and larger in amplitude (2.26) than typical fluctuations, distinguishing it from the more gradual changes at the window’s edges. The subsequent decrease (0.31) indicates a trend shift rather than a quick reversion to baseline, confirming a decrease anomaly. These features—sharp, isolated drop followed by a new lower level—contrast with normal edge fluctuations, which are typically smaller and less abrupt, supporting the presence of both a spike and a trend anomaly in this segment.",
      "question_type": "open_ended",
      "has_anomaly": true
    }
  ]
}