{
  "sample_id": 6,
  "original_data": {
    "time_series": [
      0.166776,
      0.795828,
      -0.910976,
      -1.541003,
      0.034825,
      0.873306,
      0.950523,
      1.890641,
      1.906303,
      -0.443468,
      -0.262577,
      -0.946123,
      -0.065466,
      -1.342682,
      0.303925,
      0.714767,
      0.198192,
      -0.514967,
      -0.709345,
      -0.888797,
      0.154086,
      0.582972,
      -0.670905,
      1.110911,
      -1.609603,
      -0.304507,
      -0.568603,
      -0.216646,
      -1.289763,
      -0.442088,
      -0.54728,
      1.023139,
      -0.847002,
      2.636658,
      2.008173,
      -0.087044,
      0.877791,
      -1.330307,
      -0.537171,
      -0.271108,
      -0.827626,
      -1.183885,
      0.791752,
      -0.187367,
      -1.220849,
      0.213655,
      0.469942,
      0.234915,
      -1.337911,
      -0.485465,
      0.788134,
      -0.933147,
      -0.196311,
      -0.505134,
      -0.927295,
      1.012504,
      0.149515,
      -0.853503,
      -0.767383,
      0.306558,
      0.542902,
      0.634732,
      0.982173,
      0.117965,
      -0.566693,
      0.193139,
      0.063501,
      -0.377738,
      0.075457,
      -0.880633,
      -0.682582,
      0.412818,
      0.567132,
      0.384942,
      -0.64074,
      0.214171,
      0.975446,
      1.166764,
      0.364719,
      -0.326459,
      0.045654,
      -0.858357,
      0.023588,
      -1.349879,
      1.055867,
      -0.213594,
      -0.645696,
      0.82787,
      1.756759,
      0.638256,
      -0.444154,
      -1.10047,
      1.069348,
      0.99979,
      0.129408,
      -0.023013,
      2.023573,
      -0.969955,
      -1.975596,
      0.14813,
      1.044405,
      -0.441523,
      -0.401269,
      0.473036,
      -0.249645,
      3.0,
      1.999535,
      0.514844,
      1.143467,
      0.399495,
      0.917102,
      0.312485,
      -1.649924,
      -0.030756,
      -0.527891,
      1.630966,
      0.867284,
      -1.088733,
      -0.599945,
      -0.132755,
      -1.268202,
      -0.198354,
      -0.638121,
      -1.285681,
      -0.200144,
      -1.07757,
      -0.889571,
      -0.352672,
      -2.081217,
      0.050636,
      0.237418,
      -1.052309,
      -0.279528,
      1.77551,
      0.332966,
      1.294914,
      -0.269309,
      0.512692,
      -0.390115,
      -0.588658,
      0.40611
    ],
    "normal_series": [
      0.166776,
      0.795828,
      -0.910976,
      -1.541003,
      0.034825,
      0.873306,
      0.950523,
      1.890641,
      1.906303,
      -0.443468,
      -0.262577,
      -0.946123,
      -0.065466,
      -1.342682,
      0.303925,
      0.714767,
      0.198192,
      -0.514967,
      -0.709345,
      -0.888797,
      0.154086,
      0.582972,
      -0.670905,
      1.110911,
      -1.609603,
      -0.304507,
      -0.568603,
      -0.216646,
      -1.289763,
      -0.442088,
      -0.54728,
      1.023139,
      -0.847002,
      2.636658,
      2.008173,
      -0.087044,
      0.877791,
      -1.330307,
      -0.537171,
      -0.271108,
      -0.827626,
      -1.183885,
      0.791752,
      -0.187367,
      -1.220849,
      0.213655,
      0.469942,
      0.234915,
      -1.337911,
      -0.485465,
      0.788134,
      -0.933147,
      -0.196311,
      -0.505134,
      -0.927295,
      1.012504,
      0.149515,
      -0.853503,
      -0.767383,
      0.306558,
      0.542902,
      0.634732,
      0.982173,
      0.117965,
      -0.566693,
      0.193139,
      0.063501,
      -0.377738,
      0.075457,
      -0.880633,
      -0.682582,
      0.412818,
      0.567132,
      0.384942,
      -0.64074,
      0.214171,
      0.975446,
      1.166764,
      0.364719,
      -0.326459,
      0.045654,
      -0.858357,
      0.023588,
      -1.349879,
      1.055867,
      -0.213594,
      -0.645696,
      0.82787,
      1.756759,
      0.638256,
      -0.444154,
      -1.10047,
      1.069348,
      0.99979,
      0.129408,
      -0.023013,
      2.023573,
      -0.969955,
      -1.975596,
      0.14813,
      1.044405,
      -0.441523,
      -0.589558,
      0.096459,
      -0.814511,
      2.246846,
      1.246381,
      -0.175547,
      0.515839,
      -0.16537,
      0.414999,
      -0.126855,
      -2.026501,
      -0.34457,
      -0.778943,
      1.442678,
      0.741758,
      -1.151496,
      -0.599945,
      -0.132755,
      -1.268202,
      -0.198354,
      -0.638121,
      -1.285681,
      -0.200144,
      -1.07757,
      -0.889571,
      -0.352672,
      -2.081217,
      0.050636,
      0.237418,
      -1.052309,
      -0.279528,
      1.77551,
      0.332966,
      1.294914,
      -0.269309,
      0.512692,
      -0.390115,
      -0.588658,
      0.40611
    ]
  },
  "windows": [
    {
      "window_range": {
        "start": 38,
        "end": 54
      },
      "anomaly_descriptions": [],
      "question": "Which of the following best characterizes the anomaly detection outcome for the time series window from step 38 to 54?\n\nA) Repetitive, irregular spikes indicate the presence of multiple anomalies near the window boundaries.  \nB) A sudden drop at the start of the window suggests an anomalous transition into the segment.  \nC) The consistent and smooth data pattern throughout the window suggests an absence of anomalies within this segment.  \nD) Isolated sharp increases in the middle of the window highlight possible anomalous activity affecting central values.",
      "answer": "C) The consistent and smooth data pattern throughout the window suggests an absence of anomalies within this segment. The time series values fluctuate moderately, with no abrupt spikes, sharp transitions, or irregular deviations from the normal values. The changes between consecutive steps are gradual, and the values remain within a typical range for the series. This stable pattern aligns with the statement that no anomalies were detected, indicating normal and expected behavior throughout the window.",
      "question_type": "multiple_choice",
      "has_anomaly": false
    },
    {
      "window_range": {
        "start": 72,
        "end": 109
      },
      "anomaly_descriptions": [
        "A local rapid rise followed by slow decline anomaly, with a rise amplitude of 9.36"
      ],
      "question": "True or False: The window from step 72 to 109 contains an anomaly characterized by a rapid increase followed by a slower decline, suggesting abnormal behavior relative to normal time series patterns.",
      "answer": "True. The window from step 72 to 109 displays a clear anomaly characterized by a rapid spike in values, particularly evident at steps 104 (3.00) and 105 (2.00), which deviate sharply from preceding data. This sudden rise is much steeper than the normal fluctuations observed earlier in the series. Following the peak, the values gradually decline rather than dropping immediately, fitting the description of a rapid rise followed by a slower decline. This pattern is irregular compared to the typical oscillations and indicates abnormal behavior, likely impacting the overall trend and suggesting a significant, non-random event within this segment of the time series.",
      "question_type": "true_false",
      "has_anomaly": true
    }
  ]
}