{
  "sample_id": 62,
  "original_data": {
    "time_series": [
      3.0,
      2.957491,
      2.909294,
      2.875652,
      2.855026,
      2.845236,
      2.842655,
      2.858234,
      2.863438,
      2.865293,
      2.864872,
      2.850357,
      2.795432,
      2.733054,
      2.66013,
      2.572921,
      2.484173,
      2.399043,
      2.322356,
      2.266626,
      2.215164,
      2.182155,
      2.167132,
      2.164948,
      2.172141,
      2.180656,
      2.183776,
      2.181342,
      2.178528,
      2.166323,
      2.138908,
      2.122851,
      2.103605,
      2.076173,
      2.057625,
      2.031925,
      2.004662,
      1.983726,
      1.932359,
      1.889005,
      1.833304,
      1.774611,
      1.707536,
      1.651401,
      1.610997,
      1.587288,
      1.585533,
      1.611428,
      1.667164,
      1.748614,
      1.839378,
      1.94122,
      2.044222,
      2.130435,
      2.197475,
      2.242438,
      2.259502,
      2.249297,
      2.23098,
      2.183132,
      2.145138,
      2.097629,
      2.062849,
      2.053062,
      2.037326,
      2.042601,
      2.057226,
      2.069715,
      2.079489,
      2.065367,
      2.040446,
      1.989539,
      1.925098,
      1.84508,
      1.758386,
      1.673305,
      1.583282,
      1.508435,
      1.450456,
      1.409708,
      1.382322,
      1.3818,
      1.377192,
      1.385153,
      1.381662,
      1.391857,
      1.388095,
      1.382777,
      1.359676,
      1.349396,
      1.318634,
      1.301653,
      1.281232,
      1.262462,
      1.242192,
      1.214578,
      1.17773,
      1.129036,
      1.087428,
      1.027136,
      0.964383,
      0.904221,
      0.856035,
      0.812013,
      0.800238,
      0.80733,
      0.842316,
      0.913971,
      1.000885,
      1.092376,
      1.191058,
      1.294163,
      1.382303,
      1.448139,
      1.491246,
      1.492518,
      1.477472,
      1.453432,
      1.406744,
      1.367304,
      1.309582,
      1.292281,
      1.278736,
      1.287986,
      1.28398,
      1.306353,
      1.315871,
      1.319117,
      1.308009,
      1.271332,
      1.21947,
      1.154717,
      1.0657,
      0.975661,
      0.887226,
      0.799458,
      0.734214,
      0.678335,
      0.646696,
      0.632478,
      0.625527,
      0.622741,
      0.633739,
      0.639514,
      0.644767,
      0.633545,
      0.633536,
      0.62027,
      0.597439,
      0.572838,
      0.546583,
      0.532564,
      0.509216,
      0.495148,
      0.462493,
      0.427475,
      0.376311,
      0.332753,
      0.275183,
      0.213712,
      0.149111,
      0.104662,
      0.077178,
      0.060632,
      0.076351,
      0.126571,
      0.204725,
      0.298674,
      0.403005,
      0.496696,
      0.602224,
      0.677563,
      0.746447,
      0.775457,
      0.783726,
      0.765214,
      0.725806,
      0.679831,
      0.634058,
      0.607834,
      0.582137,
      0.56711,
      0.581411,
      0.593573,
      0.611666,
      0.618687,
      0.61545,
      0.601167,
      0.563505,
      0.49934,
      0.433914,
      0.342808,
      0.247897,
      0.165991,
      0.085345,
      0.021371,
      -0.016857,
      -0.042972,
      -0.057268,
      -0.058693,
      -0.054106,
      -0.043385,
      -0.033481,
      -0.038553,
      -0.038765,
      -0.056986,
      -0.070514,
      -0.087051,
      -0.112865,
      -0.135326,
      -0.154011,
      -0.17233,
      -0.19042,
      -0.210519,
      -0.251198,
      -0.29552,
      -0.340502,
      -0.39462,
      -0.463964,
      -0.512569,
      -0.560305,
      -0.578606,
      -0.580666,
      -0.556057,
      -0.500255,
      -0.420208,
      -0.317428,
      -0.212449,
      -0.105797,
      -0.003012,
      0.064724,
      0.119068,
      0.149627,
      0.150427,
      0.119598,
      0.082892,
      0.043173,
      0.003841,
      -0.023508,
      -0.038599,
      -0.034799,
      -0.039832,
      -0.019438,
      0.001461,
      0.003843,
      -0.002157,
      -0.016793,
      -0.068568,
      -0.124216,
      -0.208341,
      -0.295123,
      -0.377365,
      -0.463641,
      -0.530469,
      -0.592015,
      -0.630168,
      -0.640963,
      -0.645566,
      -0.641303,
      -0.627958,
      -0.619829,
      -0.613564,
      -0.611615,
      -0.624656,
      -0.634812,
      -0.651241,
      -0.674868,
      -0.691734,
      -0.712956,
      -0.729184,
      -0.742418,
      -0.761273,
      -0.787124,
      -0.821443,
      -0.866074,
      -0.910795,
      -0.974627,
      -1.020771,
      -1.075968,
      -1.113593,
      -1.124911,
      -1.117558,
      -1.084863,
      -1.015805,
      -0.91803,
      -0.827063,
      -0.717615,
      -0.613804,
      -0.516136,
      -0.449572,
      -0.401654,
      -0.378387,
      -0.383324,
      -0.413998,
      -0.45254,
      -0.483658,
      -0.520134,
      -0.552774,
      -0.557698,
      -0.550222,
      -0.489293,
      -0.243761,
      -0.052151,
      -0.312614,
      -0.575175,
      -0.834232,
      -0.930138,
      -0.942407,
      -0.939601,
      -0.949273,
      -0.956219,
      -0.969252,
      -0.972743,
      -0.981625,
      -0.985234,
      -0.984825,
      -0.994544,
      -1.003062,
      -1.019296,
      -1.022959,
      -1.031672,
      -1.031526,
      -1.044133,
      -1.050676,
      -1.05537,
      -1.058416,
      -1.067699,
      -1.072516,
      -1.084764,
      -1.085259,
      -1.092613,
      -1.098678,
      -1.105778,
      -1.109249,
      -1.118794,
      -1.125059,
      -1.124759,
      -1.141329,
      -1.150898,
      -1.147049,
      -1.157606,
      -1.163057,
      -1.168547,
      -1.177944,
      -1.181972,
      -1.186564,
      -1.196607,
      -1.196745,
      -1.211808,
      -1.208006,
      -0.778216,
      -0.790685,
      -0.824171,
      -0.856115,
      -0.889795,
      -0.923451,
      -0.937933,
      -0.949331,
      -0.938498,
      -0.922707,
      -0.90564,
      -0.872101,
      -0.871142,
      -0.880423,
      -0.916045,
      -0.9609,
      -1.023402,
      -1.110057,
      -1.188974,
      -1.27011,
      -1.342264,
      -1.403881,
      -1.44548,
      -1.460302,
      -1.465884,
      -1.448833,
      -1.442721,
      -1.428054,
      -1.410438,
      -1.402763,
      -1.40501,
      -1.410789,
      -1.422523,
      -1.440208,
      -1.453301,
      -1.46227,
      -1.480577,
      -1.482333,
      -1.497948,
      -1.50894,
      -1.543553,
      -1.570564,
      -1.619779,
      -1.679505,
      -1.730091,
      -1.781221,
      -1.812074,
      -1.835604,
      -1.837248,
      -1.806798,
      -1.743213,
      -1.661968,
      -1.554087,
      -1.44446,
      -1.326299,
      -1.221626,
      -1.137984,
      -1.081616,
      -1.049766,
      -1.036535,
      -1.05492,
      -1.085114,
      -1.126665,
      -1.153765,
      -1.185277,
      -1.193402,
      -1.190397,
      -1.172707,
      -1.149774,
      -1.126186,
      -1.104203,
      -1.099128,
      -1.115754,
      -1.143204,
      -1.202359,
      -1.268786,
      -1.343811,
      -1.422756,
      -1.50421,
      -1.569405,
      -1.626303,
      -1.653539,
      -1.66298,
      -1.662241,
      -1.651793,
      -1.633861,
      -1.614002,
      -1.603971,
      -1.596704,
      -1.588533,
      -1.588969,
      -1.598471,
      -1.614146,
      -1.623765,
      -1.632261,
      -1.644677,
      -1.648401,
      -1.664374,
      -1.686192,
      -1.710671,
      -1.743475,
      -1.798489,
      -1.8415,
      -1.888524,
      -1.932565,
      -1.970325,
      -1.979296,
      -1.964823,
      -1.926593,
      -1.851724,
      -1.748703,
      -1.647553,
      -1.531841,
      -1.419679,
      -1.310765,
      -1.230145,
      -1.174041,
      -1.143679,
      -1.150904,
      -1.162986,
      -1.189833,
      -1.215323,
      -1.257284,
      -1.276545,
      -1.284556,
      -1.259922,
      -1.246019,
      -1.222026,
      -1.198007
    ],