{
  "sample_id": 116,
  "original_data": {
    "time_series": [
      -0.033032,
      -0.047736,
      -0.097536,
      -0.123093,
      0.270115,
      0.256295,
      0.232153,
      0.763924,
      0.758119,
      1.285784,
      1.26766,
      1.252865,
      0.392626,
      0.374919,
      -0.227599,
      -0.005906,
      0.216222,
      0.343514,
      -0.624634,
      -0.477179,
      -0.15565,
      -0.708114,
      -0.971349,
      -1.141227,
      -1.318939,
      -1.570824,
      -1.301037,
      -0.972543,
      -0.859868,
      -0.226635,
      -0.205514,
      -0.120458,
      -0.142622,
      -0.228627,
      -0.253727,
      -0.055043,
      0.212863,
      0.385621,
      0.527949,
      0.668209,
      0.737875,
      0.851239,
      0.988501,
      1.108701,
      0.048049,
      -0.26725,
      0.008042,
      -0.20488,
      -0.815289,
      -0.358796,
      -0.496205,
      -1.308759,
      -0.03241,
      -0.033122,
      -0.046339,
      -0.094003,
      -0.122779,
      -0.153594,
      -0.164888,
      0.233541,
      0.763055,
      0.756169,
      1.285921,
      0.700352,
      1.250636,
      0.389674,
      0.375004,
      -0.228057,
      -0.0062,
      0.217336,
      0.341082,
      -0.623126,
      -0.476681,
      -0.152362,
      -0.708189,
      -0.97144,
      -1.146026,
      -1.318791,
      -1.569779,
      -1.302351,
      -0.972854,
      -0.853966,
      -0.228747,
      -0.20432,
      -0.120764,
      -0.140796,
      -0.230293,
      -0.254663,
      -0.062784,
      0.211705,
      0.384794,
      0.529475,
      0.666308,
      0.739913,
      0.850415,
      0.987075,
      1.1093,
      0.474937,
      0.158521,
      0.011184,
      -0.204061,
      -0.255549,
      -0.36084,
      -0.49961,
      -0.639838,
      -0.03441,
      -0.0352,
      -0.046603,
      -0.095402,
      -0.123164,
      0.269104,
      0.253413,
      0.232368,
      0.762342,
      0.757183,
      1.284254,
      1.269626,
      1.252517,
      0.390693,
      0.373823,
      -0.228057,
      -0.004636,
      0.220356,
      0.341759,
      -0.625451,
      -0.475906,
      -0.152335,
      -0.707117,
      -0.970346,
      -1.144799,
      -1.317767,
      -1.571135,
      -1.30403,
      -0.968997,
      -0.853191,
      -0.225686,
      -0.207385,
      -0.123371,
      -0.141333,
      -0.227048,
      -0.257812,
      -0.057476,
      0.212411,
      0.385088,
      0.528785,
      0.669941,
      0.740087,
      0.848905,
      0.987842,
      1.108577,
      0.476533,
      0.158577,
      0.008409,
      -0.201665,
      -0.254745,
      -0.358604,
      -0.499832,
      -0.644074,
      -0.032141,
      -0.032623,
      -0.046005,
      -0.287088,
      -0.233659,
      0.517483,
      0.494051,
      0.450166,
      1.465235,
      1.449277,
      2.45688,
      2.431813,
      2.395303,
      0.752936,
      0.717981,
      -0.435796,
      -0.008904,
      0.424489,
      0.659227,
      -1.196804,
      -0.911207,
      -0.291123,
      -1.348618,
      -1.856933,
      -2.184395,
      -2.520371,
      -3.0,
      -2.487754,
      -1.856045,
      -1.631754,
      -0.430188,
      -0.390226,
      -0.232106,
      -0.265972,
      -0.441145,
      -0.487556,
      -0.10976,
      0.213238,
      0.386606,
      0.530272,
      0.666749,
      0.738888,
      0.850054,
      0.987697,
      1.108128,
      0.478212,
      0.159427,
      0.010441,
      -0.202666,
      -0.257328,
      -0.360551,
      -0.50151,
      -0.638926,
      -0.033177,
      -0.032208,
      -0.045724,
      -0.097134,
      -0.121473,
      0.268462,
      0.254873,
      0.234002,
      0.762645,
      0.758737,
      1.283716,
      1.269539,
      1.251921,
      -0.396297,
      -0.379779,
      0.222106,
      0.000139,
      -0.2251,
      -0.343548,
      0.618329,
      0.473763,
      0.148834,
      0.702609,
      0.965221,
      1.142148,
      1.312349,
      1.565361,
      1.29557,
      0.967128,
      0.850545,
      0.222976,
      0.196096,
      0.116194,
      0.140384,
      0.226781,
      0.248425,
      0.052212,
      -0.214286,
      -0.390609,
      -0.532155,
      -0.671243,
      -0.744401,
      -0.860771,
      -0.990326,
      -1.114569,
      -0.479977,
      0.159696,
      0.00829,
      -0.202071,
      -0.254707,
      -0.359902,
      -0.500846,
      -0.638008,
      -0.032265,
      -0.032078,
      -0.045102,
      -0.09256,
      -0.121455,
      0.269248,
      0.258026,
      0.236919,
      0.763863,
      0.759126,
      1.284793,
      1.270027,
      1.253488,
      0.38998,
      0.376981,
      -0.229826,
      -0.004164,
      0.218131,
      0.341831,
      -0.627515,
      -0.479422,
      -0.153703,
      -0.707096,
      -0.973472,
      -1.144336,
      -1.316705,
      -1.570409,
      -1.299998,
      -0.970847,
      -0.855692,
      -0.227852,
      -0.20828,
      -0.122942,
      -0.141029,
      -0.231669,
      -0.258109,
      -0.060138,
      0.207994,
      0.387858,
      0.53192,
      0.669016,
      0.741432,
      0.850718,
      0.986491,
      1.10965,
      0.474574,
      0.161488,
      0.009433,
      -0.201326,
      -0.255134,
      -0.35827,
      -0.498872,
      -0.639921,
      -0.034079,
      -0.036303,
      -0.045311,
      -0.097909,
      -0.122062,
      0.270264,
      0.256642,
      0.235132,
      0.764073,
      0.755387,
      1.283988,
      1.271174,
      1.251355,
      0.390271,
      0.374424,
      -0.23099,
      -0.004684,
      0.217808,
      0.342718,
      -0.626821,
      -0.478068,
      -0.150543,
      -0.70593,
      -0.972442,
      -1.143193,
      -1.316141,
      -1.569883,
      -1.301321,
      -0.973112,
      -0.854092,
      -0.226805,
      -0.207585,
      -0.121518,
      -0.14197,
      -0.230513,
      -0.25711,
      -0.057857,
      0.209989,
      0.384895,
      0.532533,
      0.668639,
      0.738406,
      0.848869,
      0.987101,
      1.110272
    ],