{
  "sample_id": 46,
  "original_data": {
    "time_series": [
      -0.358549,
      -0.369886,
      -0.201172,
      -0.098947,
      -0.006074,
      0.026927,
      0.1223,
      0.185105,
      0.236436,
      0.377925,
      0.318271,
      0.416112,
      0.56343,
      0.5741,
      0.654844,
      0.699482,
      0.793853,
      0.905767,
      0.897229,
      0.964374,
      0.991554,
      1.097177,
      1.128028,
      1.134001,
      1.189212,
      1.293187,
      1.31805,
      1.338321,
      1.318564,
      1.38101,
      1.517715,
      1.402841,
      1.561022,
      1.549273,
      1.597737,
      1.463626,
      1.634133,
      1.617898,
      1.67155,
      1.733565,
      1.746381,
      1.72406,
      1.695879,
      1.729865,
      1.706242,
      1.556835,
      1.971692,
      1.85719,
      1.57941,
      1.708658,
      1.896274,
      1.925032,
      1.777418,
      1.619188,
      1.765684,
      1.698076,
      1.667215,
      1.630178,
      1.595082,
      1.620189,
      1.551417,
      1.567047,
      1.347399,
      1.349953,
      1.341303,
      1.287847,
      1.324858,
      1.252122,
      1.160984,
      1.141735,
      1.151693,
      1.002481,
      0.924363,
      0.9391,
      0.889569,
      0.724996,
      0.869045,
      0.684949,
      0.666696,
      0.58797,
      0.558522,
      0.42008,
      0.398734,
      0.335229,
      0.374941,
      0.241766,
      0.174478,
      0.202773,
      0.093377,
      0.026556,
      -0.071817,
      -0.12775,
      -0.194756,
      -0.259796,
      -0.301233,
      -0.344906,
      -0.376024,
      -0.403119,
      -0.509776,
      -0.517466,
      -0.582993,
      -0.552326,
      -0.743308,
      -0.697496,
      -0.825746,
      -0.857716,
      -0.83803,
      -0.945792,
      -1.00482,
      -0.968955,
      -1.048741,
      -1.19199,
      -1.145737,
      -1.181237,
      -1.20807,
      -1.252862,
      -1.364603,
      -1.374785,
      -1.471318,
      -1.437066,
      -1.606453,
      -1.652529,
      -1.574545,
      -1.690569,
      -1.709839,
      -1.782213,
      -1.91584,
      -1.85917,
      -1.895239,
      -1.934799,
      -2.018266,
      -2.126516,
      -2.048977,
      -2.186316,
      -2.168047,
      -2.268662,
      -2.386627,
      -2.377167,
      -2.420249,
      -2.437187,
      -2.525146,
      -2.529746,
      -2.518872,
      -2.633748,
      -2.677979,
      -2.717789,
      -2.773577,
      -2.805427,
      -2.778738,
      -2.882054,
      -3.0
    ],
    "normal_series": [
      -0.358549,
      -0.369886,
      -0.201172,
      -0.098947,
      -0.006074,
      0.026927,
      0.1223,
      0.185105,
      0.236436,
      0.377925,
      0.318271,
      0.416112,
      0.56343,
      0.5741,
      0.654844,
      0.699482,
      0.793853,
      0.905767,
      0.897229,
      0.964374,
      0.991554,
      1.097177,
      1.128028,
      1.134001,
      1.189212,
      1.293187,
      1.31805,
      1.338321,
      1.318564,
      1.38101,
      1.517715,
      1.402841,
      1.561022,
      1.549273,
      1.597737,
      1.463626,
      1.634133,
      1.617898,
      1.67155,
      1.733565,
      1.746381,
      1.72406,
      1.695879,
      1.729865,
      1.816869,
      1.706661,
      1.784393,
      1.686334,
      1.741065,
      1.725519,
      1.710513,
      1.796019,
      1.666648,
      1.689338,
      1.737844,
      1.698076,
      1.667215,
      1.630178,
      1.595082,
      1.620189,
      1.551417,
      1.567047,
      1.347399,
      1.349953,
      1.341303,
      1.287847,
      1.324858,
      1.252122,
      1.160984,
      1.141735,
      1.151693,
      1.002481,
      0.924363,
      0.9391,
      0.889569,
      0.724996,
      0.869045,
      0.684949,
      0.666696,
      0.58797,
      0.558522,
      0.42008,
      0.398734,
      0.335229,
      0.374941,
      0.241766,
      0.174478,
      0.202773,
      0.093377,
      0.026556,
      -0.071817,
      -0.12775,
      -0.194756,
      -0.259796,
      -0.301233,
      -0.344906,
      -0.376024,
      -0.403119,
      -0.509776,
      -0.517466,
      -0.582993,
      -0.552326,
      -0.743308,
      -0.697496,
      -0.825746,
      -0.857716,
      -0.83803,
      -0.945792,
      -1.00482,
      -0.968955,
      -1.048741,
      -1.19199,
      -1.145737,
      -1.181237,
      -1.20807,
      -1.252862,
      -1.364603,
      -1.374785,
      -1.471318,
      -1.437066,
      -1.606453,
      -1.652529,
      -1.574545,
      -1.690569,
      -1.709839,
      -1.782213,
      -1.91584,
      -1.85917,
      -1.895239,
      -1.934799,
      -2.018266,
      -2.126516,
      -2.048977,
      -2.186316,
      -2.168047,
      -2.268662,
      -2.386627,
      -2.377167,
      -2.420249,
      -2.437187,
      -2.525146,
      -2.529746,
      -2.518872,
      -2.633748,
      -2.677979,
      -2.717789,
      -2.773577,
      -2.805427,
      -2.778738,
      -2.882054,
      -3.0
    ]
  },
  "windows": [
    {
      "window_range": {
        "start": 92,
        "end": 120
      },
      "anomaly_descriptions": [],
      "question": "Which of the following most accurately describes the presence and characteristics of anomalies within the window from step 92 to 120 in this time series?\n\nA) The window shows a cluster of abrupt spikes indicating repeated anomalies near the window edges.  \nB) A gradual shift in the baseline suggests a hidden anomaly affecting the trend.  \nC) An isolated outlier in the center of the window suggests a potential point anomaly.  \nD) The data within the window maintains consistent behavior with no evidence of anomalies.",
      "answer": "D) The data within the window maintains consistent behavior with no evidence of anomalies.  \nExplanation: The time series window from steps 92 to 120 shows a smooth, gradual downward trend in the current_value, with no abrupt spikes, isolated outliers, or irregular deviations from the established pattern. Each value transitions steadily to the next, indicating a consistent and expected behavior. There is no indication of sudden changes or unusual points that would suggest the presence of anomalies within this range. The overall pattern reflects a typical, uninterrupted downward trend.",
      "question_type": "multiple_choice",
      "has_anomaly": false
    },
    {
      "window_range": {
        "start": 44,
        "end": 65
      },
      "anomaly_descriptions": [
        "A local shake anomaly, with rapid fluctuations of amplitude around 6.33"
      ],
      "question": "True or False: The presence of rapid fluctuations within window steps 44 to 65 suggests a local shake anomaly that is bounded entirely within the window and does not extend to adjacent windows.",
      "answer": "False. The rapid fluctuations observed in current_values between steps 44 and 65, characterized by irregular ups and downs and amplitude swings around 6.33, indicate a local shake anomaly. However, the question incorrectly assumes the anomaly is strictly bounded within this window. Such shake anomalies often have effects that may begin before or persist after the specified window, potentially influencing adjacent time steps. The pattern shows no clear trend but rather alternating spikes and drops deviating from normal_values, highlighting instability. This irregularity signifies a localized disturbance, but without evidence that the fluctuations start and end exactly at steps 44 and 65, it cannot be concluded that the anomaly is entirely contained within this window.",
      "question_type": "true_false",
      "has_anomaly": true
    }
  ]
}