{
  "sample_id": 74,
  "original_data": {
    "time_series": [
      3.0,
      2.725728,
      2.456437,
      2.192302,
      1.933659,
      1.680534,
      1.433182,
      1.191797,
      0.956583,
      0.727722,
      0.505406,
      0.289927,
      0.081352,
      -0.120074,
      -0.314122,
      -0.500618,
      -0.679484,
      -0.850311,
      -1.013037,
      -1.167412,
      -1.313184,
      -1.450287,
      -1.578521,
      -1.697545,
      -1.807303,
      -1.907524,
      -1.998053,
      -2.078653,
      -2.149133,
      -2.209308,
      -2.258995,
      -2.298009,
      -2.326055,
      -2.343107,
      -2.348739,
      -2.343158,
      -2.328932,
      -2.304399,
      -2.270248,
      -2.227024,
      -2.175265,
      -2.11583,
      -2.049136,
      -1.975836,
      -1.896606,
      -1.809664,
      -1.715574,
      -1.612664,
      -1.501482,
      -1.399333,
      -1.294959,
      -1.18895,
      -1.082012,
      -0.974578,
      -0.867487,
      -0.761176,
      -0.656355,
      -0.553619,
      -0.453664,
      -0.356938,
      -0.264285,
      -0.176125,
      -0.093232,
      -0.016061,
      0.054579,
      0.118246,
      0.174143,
      0.221811,
      0.265157,
      0.308385,
      0.351569,
      0.394588,
      0.437507,
      0.480142,
      0.52266,
      0.564876,
      0.397469,
      0.440772,
      0.487158,
      0.536624,
      0.589069,
      0.64454,
      0.702961,
      0.764256,
      0.82842,
      0.895519,
      0.965375,
      1.037983,
      1.073562,
      1.108387,
      1.142368,
      1.175541,
      1.207894,
      1.239259,
      1.269759,
      1.299269,
      1.327753,
      1.355185,
      1.381607,
      1.406815,
      1.430924,
      1.453839,
      1.475525,
      1.495976,
      1.515137,
      1.532988,
      1.549448,
      1.564513,
      1.578174,
      1.590257,
      1.600955,
      1.610045,
      1.617568,
      1.623464,
      1.627758,
      1.630398,
      1.631262
    ],
    "normal_series": [
      3.0,
      2.725728,
      2.456437,
      2.192302,
      1.933659,
      1.680534,
      1.433182,
      1.191797,
      0.956583,
      0.727722,
      0.505406,
      0.289927,
      0.081352,
      -0.120074,
      -0.314122,
      -0.500618,
      -0.679484,
      -0.850311,
      -1.013037,
      -1.167412,
      -1.313184,
      -1.450287,
      -1.578521,
      -1.697545,
      -1.807303,
      -1.907524,
      -1.998053,
      -2.078653,
      -2.149133,
      -2.209308,
      -2.258995,
      -2.298009,
      -2.326055,
      -2.343107,
      -2.348739,
      -2.343158,
      -2.32655,
      -2.299637,
      -2.263104,
      -2.217499,
      -2.163359,
      -2.101543,
      -2.032468,
      -1.956787,
      -1.875175,
      -1.788233,
      -1.696524,
      -1.600758,
      -1.501482,
      -1.399333,
      -1.294959,
      -1.18895,
      -1.082012,
      -0.974578,
      -0.867487,
      -0.761176,
      -0.656355,
      -0.553619,
      -0.453664,
      -0.356938,
      -0.264285,
      -0.176125,
      -0.093232,
      -0.016061,
      0.054579,
      0.118246,
      0.174143,
      0.221811,
      0.265157,
      0.308385,
      0.351569,
      0.394588,
      0.437507,
      0.480142,
      0.52266,
      0.564876,
      0.606794,
      0.648367,
      0.689563,
      0.730379,
      0.770715,
      0.810617,
      0.850008,
      0.888813,
      0.927027,
      0.964717,
      1.001704,
      1.037983,
      1.073562,
      1.108387,
      1.142368,
      1.175541,
      1.207894,
      1.239259,
      1.269759,
      1.299269,
      1.327753,
      1.355185,
      1.381607,
      1.406815,
      1.430924,
      1.453839,
      1.475525,
      1.495976,
      1.515137,
      1.532988,
      1.549448,
      1.564513,
      1.578174,
      1.590257,
      1.600955,
      1.610045,
      1.617568,
      1.623464,
      1.627758,
      1.630398,
      1.631262
    ]
  },
  "windows": [
    {
      "window_range": {
        "start": 53,
        "end": 69
      },
      "anomaly_descriptions": [],
      "question": "Given that the time series window from steps 53 to 69 appears normal, which of the following best describes the expected anomaly detection outcome within this window?\n\nA) The window should show sporadic and isolated spikes inconsistent with the rest of the sequence.  \nB) The window is expected to demonstrate continuous normal behavior with no detectable anomalies.  \nC) The window is likely to contain gradual trend shifts that are subtle but anomalous.  \nD) Anomalous points should cluster near the window boundaries due to edge effects.",
      "answer": "B) The window is expected to demonstrate continuous normal behavior with no detectable anomalies.  \nExplanation: The current_value data shows a smooth, consistent upward trend from -0.97 to 0.27, with each step incrementing by a similar amount and no sudden spikes, drops, or irregularities. This gradual increase aligns closely with the normal_value at each step, indicating stability and the absence of deviations or abrupt changes. The lack of any detected anomalies further supports that the pattern within this window is typical and expected for the time series, signifying healthy, predictable behavior.",
      "question_type": "multiple_choice",
      "has_anomaly": false
    },
    {
      "window_range": {
        "start": 34,
        "end": 62
      },
      "anomaly_descriptions": [
        "A local slow decline followed by rapid rise anomaly, with a decline amplitude of 0.53"
      ],
      "question": "True or False: The observed pattern within window steps 34 to 62 is consistent with a period of normal variability, showing neither local declines nor abrupt changes indicative of anomalies.",
      "answer": "False. The pattern within steps 34 to 62 is not consistent with normal variability. The data shows a local slow decline, reaching a minimum, followed by a rapid rise—an anomaly characterized by a decline amplitude of 0.53. The initial values decrease gradually from -2.35 to approximately -2.88, then reverse direction and increase rapidly towards -0.18. This sequence deviates from typical fluctuations, indicating a significant local anomaly rather than routine variation. Such a pattern may reflect a transient event or structural change in the underlying process, impacting the overall time series behavior.",
      "question_type": "true_false",
      "has_anomaly": true
    }
  ]
}